[13srp2026 19:27:47.765] [main/INFO] [cpw.mods.modlauncher.Launcher/MODLAUNCHER]: ModLauncher running: args [--launchTarget, forgeclientdev, --version, 21.1.238, --assetIndex, 17, --assetsDir, C:\\Users\\maste\\.gradle\\caches\\neoformruntime\\assets, --gameDir, ., --fml.fmlVersion, 4.0.43, --fml.mcVersion, 1.21.1, --fml.neoForgeVersion, 21.1.238, --fml.neoFormVersion, 20240808.144430, --username, Dev2]
[13srp2026 19:27:47.777] [main/INFO] [cpw.mods.modlauncher.Launcher/MODLAUNCHER]: JVM identified as Eclipse Adoptium OpenJDK 64-Bit Server VM 21.0.10+7-LTS
[13srp2026 19:27:47.780] [main/INFO] [cpw.mods.modlauncher.Launcher/MODLAUNCHER]: ModLauncher 11.0.5+main.901c6ea8 starting: java version 21.0.10 by Eclipse Adoptium; OS Windows 11 arch amd64 version 10.0
[13srp2026 19:27:47.817] [main/DEBUG] [cpw.mods.modlauncher.LaunchServiceHandler/MODLAUNCHER]: Found launch services [minecraft,forgeclient,forgedatauserdev,testharness,forgeserverdev,forgeserveruserdev,forgejunitdev,forgeclientdev,forgeclientuserdev,forgeserver,forgejunituserdev,forgedatadev]
[13srp2026 19:27:47.846] [main/DEBUG] [cpw.mods.modlauncher.LaunchPluginHandler/MODLAUNCHER]: Found launch plugins: [mixin,slf4jfixer,runtime_enum_extender,accesstransformer,runtimedistcleaner]
[13srp2026 19:27:47.860] [main/DEBUG] [cpw.mods.modlauncher.TransformationServicesHandler/MODLAUNCHER]: Discovering transformation services
[13srp2026 19:27:47.868] [main/DEBUG] [net.neoforged.fml.loading.FMLPaths/CORE]: Path GAMEDIR is C:\Users\maste\Desktop\Start\Projects\Apolinum Arise 1.21.1\run-client2
[13srp2026 19:27:47.869] [main/DEBUG] [net.neoforged.fml.loading.FMLPaths/CORE]: Path MODSDIR is C:\Users\maste\Desktop\Start\Projects\Apolinum Arise 1.21.1\run-client2\mods
[13srp2026 19:27:47.870] [main/DEBUG] [net.neoforged.fml.loading.FMLPaths/CORE]: Path CONFIGDIR is C:\Users\maste\Desktop\Start\Projects\Apolinum Arise 1.21.1\run-client2\config
[13srp2026 19:27:47.870] [main/DEBUG] [net.neoforged.fml.loading.FMLPaths/CORE]: Path FMLCONFIG is C:\Users\maste\Desktop\Start\Projects\Apolinum Arise 1.21.1\run-client2\config\fml.toml
[13srp2026 19:27:47.930] [main/DEBUG] [net.neoforged.fml.loading.targets.CommonLaunchHandler/CORE]: Got mod coordinates apolinumarise%%C:\Users\maste\Desktop\Start\Projects\Apolinum Arise 1.21.1\build\classes\java\main;apolinumarise%%C:\Users\maste\Desktop\Start\Projects\Apolinum Arise 1.21.1\build\resources\main from env
[13srp2026 19:27:47.934] [main/DEBUG] [net.neoforged.fml.loading.targets.CommonLaunchHandler/CORE]: Found supplied mod coordinates [{apolinumarise=[C:\Users\maste\Desktop\Start\Projects\Apolinum Arise 1.21.1\build\classes\java\main, C:\Users\maste\Desktop\Start\Projects\Apolinum Arise 1.21.1\build\resources\main]}]
[13srp2026 19:27:47.942] [main/DEBUG] [cpw.mods.modlauncher.TransformationServicesHandler/MODLAUNCHER]: Found additional transformation services from discovery services: 
[13srp2026 19:27:47.958] [main/INFO] [net.neoforged.fml.loading.ImmediateWindowHandler/]: Loading ImmediateWindowProvider fmlearlywindow
[13srp2026 19:27:48.114] [main/INFO] [EARLYDISPLAY/]: Trying GL version 4.6
[13srp2026 19:27:48.493] [main/INFO] [EARLYDISPLAY/]: Requested GL version 4.6 got version 4.6
[13srp2026 19:27:48.579] [main/DEBUG] [cpw.mods.modlauncher.TransformationServicesHandler/MODLAUNCHER]: Found transformer services : [mixin,fml]
[13srp2026 19:27:48.580] [main/DEBUG] [cpw.mods.modlauncher.TransformationServicesHandler/MODLAUNCHER]: Transformation services loading
[13srp2026 19:27:48.580] [main/DEBUG] [cpw.mods.modlauncher.TransformationServiceDecorator/MODLAUNCHER]: Loading service mixin
[13srp2026 19:27:48.581] [main/DEBUG] [cpw.mods.modlauncher.TransformationServiceDecorator/MODLAUNCHER]: Loaded service mixin
[13srp2026 19:27:48.581] [main/DEBUG] [cpw.mods.modlauncher.TransformationServiceDecorator/MODLAUNCHER]: Loading service fml
[13srp2026 19:27:48.582] [main/DEBUG] [net.neoforged.fml.loading.FMLLoader/CORE]: FML 4.0.43 loading
[13srp2026 19:27:48.582] [main/DEBUG] [net.neoforged.fml.loading.FMLLoader/CORE]: FML found ModLauncher version : 11.0.5+main.901c6ea8
[13srp2026 19:27:48.583] [main/DEBUG] [net.neoforged.fml.loading.FMLLoader/CORE]: FML found AccessTransformer version : 10.0.1+139da711
[13srp2026 19:27:48.585] [main/DEBUG] [net.neoforged.fml.loading.FMLLoader/CORE]: FML found EventBus version : null
[13srp2026 19:27:48.586] [main/DEBUG] [net.neoforged.fml.loading.FMLLoader/CORE]: Found Runtime Dist Cleaner
[13srp2026 19:27:48.586] [main/DEBUG] [cpw.mods.modlauncher.TransformationServiceDecorator/MODLAUNCHER]: Loaded service fml
[13srp2026 19:27:48.587] [main/DEBUG] [cpw.mods.modlauncher.TransformationServicesHandler/MODLAUNCHER]: Configuring option handling for services
[13srp2026 19:27:48.609] [main/DEBUG] [net.neoforged.fml.loading.FMLServiceProvider/CORE]: Received command line version data  : VersionInfo[neoForgeVersion=21.1.238, fmlVersion=4.0.43, mcVersion=1.21.1, neoFormVersion=20240808.144430]
[13srp2026 19:27:48.609] [main/DEBUG] [cpw.mods.modlauncher.TransformationServicesHandler/MODLAUNCHER]: Transformation services initializing
[13srp2026 19:27:48.610] [main/DEBUG] [cpw.mods.modlauncher.TransformationServiceDecorator/MODLAUNCHER]: Initializing transformation service mixin
[13srp2026 19:27:48.632] [main/DEBUG] [mixin/]: MixinService [ModLauncher] was successfully booted in cpw.mods.cl.ModuleClassLoader@365185bd
[13srp2026 19:27:48.649] [main/INFO] [mixin/]: SpongePowered MIXIN Subsystem Version=0.8.7 Source=union:/C:/Users/maste/.gradle/caches/modules-2/files-2.1/net.fabricmc/sponge-mixin/0.15.2+mixin.0.8.7/2af2f021d8e02a0220dc27a7a72b4666d66d44ca/sponge-mixin-0.15.2+mixin.0.8.7.jar%23138!/ Service=ModLauncher Env=CLIENT
[13srp2026 19:27:48.654] [main/DEBUG] [mixin/]: Initialising Mixin Platform Manager
[13srp2026 19:27:48.654] [main/DEBUG] [mixin/]: Adding mixin platform agents for container ModLauncher Root Container(ModLauncher:4f56a0a2)
[13srp2026 19:27:48.657] [main/DEBUG] [mixin/]: Instancing new MixinPlatformAgentMinecraftForge for ModLauncher Root Container(ModLauncher:4f56a0a2)
[13srp2026 19:27:48.658] [main/DEBUG] [mixin/]: MixinPlatformAgentMinecraftForge rejected container ModLauncher Root Container(ModLauncher:4f56a0a2)
[13srp2026 19:27:48.659] [main/DEBUG] [mixin/]: Instancing new MixinPlatformAgentDefault for ModLauncher Root Container(ModLauncher:4f56a0a2)
[13srp2026 19:27:48.660] [main/DEBUG] [mixin/]: MixinPlatformAgentDefault accepted container ModLauncher Root Container(ModLauncher:4f56a0a2)
[13srp2026 19:27:48.663] [main/DEBUG] [cpw.mods.modlauncher.TransformationServiceDecorator/MODLAUNCHER]: Initialized transformation service mixin
[13srp2026 19:27:48.664] [main/DEBUG] [cpw.mods.modlauncher.TransformationServiceDecorator/MODLAUNCHER]: Initializing transformation service fml
[13srp2026 19:27:48.664] [main/DEBUG] [net.neoforged.fml.loading.FMLServiceProvider/CORE]: Setting up basic FML game directories
[13srp2026 19:27:48.666] [main/DEBUG] [net.neoforged.fml.loading.FMLPaths/CORE]: Path GAMEDIR is C:\Users\maste\Desktop\Start\Projects\Apolinum Arise 1.21.1\run-client2
[13srp2026 19:27:48.668] [main/DEBUG] [net.neoforged.fml.loading.FMLPaths/CORE]: Path MODSDIR is C:\Users\maste\Desktop\Start\Projects\Apolinum Arise 1.21.1\run-client2\mods
[13srp2026 19:27:48.668] [main/DEBUG] [net.neoforged.fml.loading.FMLPaths/CORE]: Path CONFIGDIR is C:\Users\maste\Desktop\Start\Projects\Apolinum Arise 1.21.1\run-client2\config
[13srp2026 19:27:48.669] [main/DEBUG] [net.neoforged.fml.loading.FMLPaths/CORE]: Path FMLCONFIG is C:\Users\maste\Desktop\Start\Projects\Apolinum Arise 1.21.1\run-client2\config\fml.toml
[13srp2026 19:27:48.669] [main/DEBUG] [net.neoforged.fml.loading.FMLServiceProvider/CORE]: Loading configuration
[13srp2026 19:27:48.678] [main/DEBUG] [net.neoforged.fml.loading.FMLServiceProvider/CORE]: Preparing launch handler
[13srp2026 19:27:48.679] [main/DEBUG] [net.neoforged.fml.loading.FMLLoader/CORE]: Using forgeclientdev as launch service
[13srp2026 19:27:48.686] [main/DEBUG] [cpw.mods.modlauncher.TransformationServiceDecorator/MODLAUNCHER]: Initialized transformation service fml
[13srp2026 19:27:48.687] [main/DEBUG] [cpw.mods.modlauncher.TransformationServicesHandler/MODLAUNCHER]: Transformation services begin scanning
[13srp2026 19:27:48.690] [main/DEBUG] [cpw.mods.modlauncher.TransformationServiceDecorator/MODLAUNCHER]: Beginning scan trigger - transformation service mixin
[13srp2026 19:27:48.692] [main/DEBUG] [cpw.mods.modlauncher.TransformationServiceDecorator/MODLAUNCHER]: End scan trigger - transformation service mixin
[13srp2026 19:27:48.692] [main/DEBUG] [cpw.mods.modlauncher.TransformationServiceDecorator/MODLAUNCHER]: Beginning scan trigger - transformation service fml
[13srp2026 19:27:48.692] [main/DEBUG] [net.neoforged.fml.loading.FMLServiceProvider/CORE]: Initiating mod scan
[13srp2026 19:27:48.693] [main/DEBUG] [net.neoforged.fml.loading.targets.CommonLaunchHandler/CORE]: Got mod coordinates apolinumarise%%C:\Users\maste\Desktop\Start\Projects\Apolinum Arise 1.21.1\build\classes\java\main;apolinumarise%%C:\Users\maste\Desktop\Start\Projects\Apolinum Arise 1.21.1\build\resources\main from env
[13srp2026 19:27:48.694] [main/DEBUG] [net.neoforged.fml.loading.targets.CommonLaunchHandler/CORE]: Found supplied mod coordinates [{apolinumarise=[C:\Users\maste\Desktop\Start\Projects\Apolinum Arise 1.21.1\build\classes\java\main, C:\Users\maste\Desktop\Start\Projects\Apolinum Arise 1.21.1\build\resources\main]}]
[13srp2026 19:27:48.697] [main/DEBUG] [net.neoforged.fml.loading.targets.CommonDevLaunchHandler/]: Launching with NeoForge from C:\Users\maste\Desktop\Start\Projects\Apolinum Arise 1.21.1\build\moddev\artifacts\neoforge-21.1.238.jar
[13srp2026 19:27:48.720] [main/DEBUG] [net.neoforged.fml.util.ServiceLoaderUtil/CORE]: Found 4 implementations of IModFileCandidateLocator:
[13srp2026 19:27:48.722] [main/DEBUG] [net.neoforged.fml.util.ServiceLoaderUtil/CORE]: 	       0 - [built-in] net.neoforged.fml.loading.moddiscovery.locators.NeoForgeDevProvider from loader-4.0.43.jar
[13srp2026 19:27:48.724] [main/DEBUG] [net.neoforged.fml.util.ServiceLoaderUtil/CORE]: 	       0 - net.neoforged.fml.loading.moddiscovery.locators.ModsFolderLocator from loader-4.0.43.jar
[13srp2026 19:27:48.725] [main/DEBUG] [net.neoforged.fml.util.ServiceLoaderUtil/CORE]: 	       0 - net.neoforged.fml.loading.moddiscovery.locators.MavenDirectoryLocator from loader-4.0.43.jar
[13srp2026 19:27:48.726] [main/DEBUG] [net.neoforged.fml.util.ServiceLoaderUtil/CORE]: 	   -1000 - [built-in] net.neoforged.fml.loading.moddiscovery.locators.UserdevLocator from loader-4.0.43.jar
[13srp2026 19:27:48.730] [main/DEBUG] [net.neoforged.fml.util.ServiceLoaderUtil/CORE]: Found 2 implementations of IModFileReader:
[13srp2026 19:27:48.732] [main/DEBUG] [net.neoforged.fml.util.ServiceLoaderUtil/CORE]: 	       0 - net.neoforged.fml.loading.moddiscovery.readers.JarModsDotTomlModFileReader from loader-4.0.43.jar
[13srp2026 19:27:48.732] [main/DEBUG] [net.neoforged.fml.util.ServiceLoaderUtil/CORE]: 	   -1000 - net.neoforged.fml.loading.moddiscovery.readers.NestedLibraryModReader from loader-4.0.43.jar
[13srp2026 19:27:48.736] [main/DEBUG] [net.neoforged.fml.util.ServiceLoaderUtil/CORE]: Found 1 implementations of IDependencyLocator:
[13srp2026 19:27:48.737] [main/DEBUG] [net.neoforged.fml.util.ServiceLoaderUtil/CORE]: 	       0 - net.neoforged.fml.loading.moddiscovery.locators.JarInJarDependencyLocator from loader-4.0.43.jar
[13srp2026 19:27:48.753] [pool-2-thread-1/INFO] [EARLYDISPLAY/]: GL info: NVIDIA GeForce RTX 4060/PCIe/SSE2 GL version 4.6.0 NVIDIA 591.59, NVIDIA Corporation
[13srp2026 19:27:48.829] [main/DEBUG] [net.neoforged.fml.loading.moddiscovery.ModFileInfo/LOADING]: Found valid mod file neoforge-21.1.238.jar with {minecraft} mods - versions {1.21.1}
[13srp2026 19:27:48.843] [main/DEBUG] [net.neoforged.fml.loading.moddiscovery.ModFileParser/LOADING]: Considering mod file candidate C:\Users\maste\Desktop\Start\Projects\Apolinum Arise 1.21.1\build\moddev\artifacts\neoforge-21.1.238.jar
[13srp2026 19:27:48.868] [main/DEBUG] [net.neoforged.fml.loading.moddiscovery.ModFileInfo/LOADING]: Found valid mod file neoforge-21.1.238.jar with {neoforge} mods - versions {21.1.238}
[13srp2026 19:27:48.878] [main/DEBUG] [net.neoforged.fml.loading.moddiscovery.ModListHandler/CORE]: Found mod coordinates from lists: []
[13srp2026 19:27:48.884] [main/DEBUG] [net.neoforged.fml.loading.moddiscovery.ModFileParser/LOADING]: Considering mod file candidate C:\Users\maste\Desktop\Start\Projects\Apolinum Arise 1.21.1\build\classes\java\main
[13srp2026 19:27:48.900] [main/DEBUG] [net.neoforged.fml.loading.moddiscovery.ModFileInfo/LOADING]: Found valid mod file main with {apolinumarise} mods - versions {1.0.0}
[13srp2026 19:27:48.920] [main/DEBUG] [net.neoforged.fml.loading.moddiscovery.ModFileParser/LOADING]: Considering mod file candidate C:\Users\maste\Desktop\Start\Projects\Apolinum Arise 1.21.1\build\moddev\artifacts\neoforge-21.1.238.jar
[13srp2026 19:27:48.925] [main/DEBUG] [net.neoforged.fml.loading.moddiscovery.ModFileInfo/LOADING]: Found valid mod file neoforge-21.1.238.jar with {neoforge} mods - versions {21.1.238}
[13srp2026 19:27:48.930] [main/DEBUG] [net.neoforged.fml.loading.moddiscovery.ModFileParser/LOADING]: Considering mod file candidate C:\Users\maste\.gradle\caches\modules-2\files-2.1\software.bernie.geckolib\geckolib-neoforge-1.21.1\4.9.2\14c64013cadee7d28f3685f94350f9a4d2ec6d86\geckolib-neoforge-1.21.1-4.9.2.jar
[13srp2026 19:27:48.940] [main/DEBUG] [net.neoforged.fml.loading.moddiscovery.ModFileInfo/LOADING]: Found valid mod file geckolib-neoforge-1.21.1-4.9.2.jar with {geckolib} mods - versions {4.9.2}
[13srp2026 19:27:48.992] [main/DEBUG] [net.neoforged.fml.loading.moddiscovery.ModDiscoverer/]: Skipping C:\Users\maste\.gradle\caches\modules-2\files-2.1\net.neoforged.fancymodloader\earlydisplay\4.0.43\3a941fcf258b5a7dde0445377a7206a55d11630d\earlydisplay-4.0.43.jar because it was already located earlier
[13srp2026 19:27:48.992] [main/DEBUG] [net.neoforged.fml.loading.moddiscovery.ModDiscoverer/]: Skipping C:\Users\maste\.gradle\caches\modules-2\files-2.1\net.neoforged.fancymodloader\loader\4.0.43\fb10b7bf2f568a9676ad8b426b19c23badbbd98a\loader-4.0.43.jar because it was already located earlier
[13srp2026 19:27:48.992] [main/DEBUG] [net.neoforged.fml.loading.moddiscovery.ModDiscoverer/]: Skipping C:\Users\maste\.gradle\caches\modules-2\files-2.1\net.neoforged.accesstransformers\at-modlauncher\10.0.1\5aba50202aceead086bc09fbc2751c9f05cb4890\at-modlauncher-10.0.1.jar because it was already located earlier
[13srp2026 19:27:48.992] [main/DEBUG] [net.neoforged.fml.loading.moddiscovery.ModDiscoverer/]: Skipping C:\Users\maste\.gradle\caches\modules-2\files-2.1\net.neoforged\accesstransformers\10.0.1\fd83b5725f76eae9115e9355fa1c456a6a441400\accesstransformers-10.0.1.jar because it was already located earlier
[13srp2026 19:27:48.992] [main/DEBUG] [net.neoforged.fml.loading.moddiscovery.ModDiscoverer/]: Skipping C:\Users\maste\.gradle\caches\modules-2\files-2.1\net.neoforged\bus\8.0.5\5b2d33285ab5d1554e9798ad98c40d6ea3868bd5\bus-8.0.5.jar because it was already located earlier
[13srp2026 19:27:48.993] [main/DEBUG] [net.neoforged.fml.loading.moddiscovery.ModDiscoverer/]: Skipping C:\Users\maste\.gradle\caches\modules-2\files-2.1\net.neoforged\coremods\7.0.3\9147e6f638b4272b3bd5fc8f92ad37802512c6c\coremods-7.0.3.jar because it was already located earlier
[13srp2026 19:27:48.993] [main/DEBUG] [net.neoforged.fml.loading.moddiscovery.ModDiscoverer/]: Skipping C:\Users\maste\.gradle\caches\modules-2\files-2.1\cpw.mods\modlauncher\11.0.5\b8f0d49294f733fdb6173931b263553e943dc950\modlauncher-11.0.5.jar because it was already located earlier
[13srp2026 19:27:48.993] [main/DEBUG] [net.neoforged.fml.loading.moddiscovery.ModDiscoverer/]: Skipping C:\Users\maste\.gradle\caches\modules-2\files-2.1\net.neoforged\mergetool\2.0.0\52fe1949be64e3303aabaaa21e315f551db9c9f4\mergetool-2.0.0-api.jar because it was already located earlier
[13srp2026 19:27:48.993] [main/DEBUG] [net.neoforged.fml.loading.moddiscovery.ModDiscoverer/]: Skipping C:\Users\maste\.gradle\caches\modules-2\files-2.1\com.electronwill.night-config\toml\3.8.3\90b2fd6efcb4a7d5b9810cf78f9d824994d717f2\toml-3.8.3.jar because it was already located earlier
[13srp2026 19:27:48.994] [main/DEBUG] [net.neoforged.fml.loading.moddiscovery.ModDiscoverer/]: Skipping C:\Users\maste\.gradle\caches\modules-2\files-2.1\com.electronwill.night-config\core\3.8.3\b442a95f09e349927f5a945ecb594455870fcf4f\core-3.8.3.jar because it was already located earlier
[13srp2026 19:27:48.994] [main/DEBUG] [net.neoforged.fml.loading.moddiscovery.ModDiscoverer/]: Skipping C:\Users\maste\.gradle\caches\modules-2\files-2.1\net.neoforged\JarJarSelector\0.4.1\fb3cc7a58af22ad2880adb98af6d518128c47dae\JarJarSelector-0.4.1.jar because it was already located earlier
[13srp2026 19:27:48.994] [main/DEBUG] [net.neoforged.fml.loading.moddiscovery.ModDiscoverer/]: Skipping C:\Users\maste\.gradle\caches\modules-2\files-2.1\net.neoforged\JarJarMetadata\0.4.1\f8da03683dc81694556dc3e177c5e3bb77ae6fcb\JarJarMetadata-0.4.1.jar because it was already located earlier
[13srp2026 19:27:48.994] [main/DEBUG] [net.neoforged.fml.loading.moddiscovery.ModDiscoverer/]: Skipping C:\Users\maste\.gradle\caches\modules-2\files-2.1\org.apache.maven\maven-artifact\3.8.5\4433f50c07debefaed0553bd0068f4f48d449313\maven-artifact-3.8.5.jar because it was already located earlier
[13srp2026 19:27:48.995] [main/DEBUG] [net.neoforged.fml.loading.moddiscovery.ModDiscoverer/]: Skipping C:\Users\maste\.gradle\caches\modules-2\files-2.1\net.jodah\typetools\0.6.3\a01aaa6ddaea9ec07ec4f209487b7a46a526283a\typetools-0.6.3.jar because it was already located earlier
[13srp2026 19:27:48.995] [main/DEBUG] [net.neoforged.fml.loading.moddiscovery.ModDiscoverer/]: Skipping C:\Users\maste\.gradle\caches\modules-2\files-2.1\net.minecrell\terminalconsoleappender\1.3.0\b562e9bb61235c9520e26282cdee71f8f802d1fc\terminalconsoleappender-1.3.0.jar because it was already located earlier
[13srp2026 19:27:48.995] [main/DEBUG] [net.neoforged.fml.loading.moddiscovery.ModDiscoverer/]: Skipping C:\Users\maste\.gradle\caches\modules-2\files-2.1\net.fabricmc\sponge-mixin\0.15.2+mixin.0.8.7\2af2f021d8e02a0220dc27a7a72b4666d66d44ca\sponge-mixin-0.15.2+mixin.0.8.7.jar because it was already located earlier
[13srp2026 19:27:48.995] [main/DEBUG] [net.neoforged.fml.loading.moddiscovery.ModDiscoverer/]: Skipping C:\Users\maste\.gradle\caches\modules-2\files-2.1\org.openjdk.nashorn\nashorn-core\15.4\f67f5ffaa5f5130cf6fb9b133da00c7df3b532a5\nashorn-core-15.4.jar because it was already located earlier
[13srp2026 19:27:48.995] [main/DEBUG] [net.neoforged.fml.loading.moddiscovery.ModDiscoverer/]: Skipping C:\Users\maste\.gradle\caches\modules-2\files-2.1\org.apache.commons\commons-lang3\3.14.0\1ed471194b02f2c6cb734a0cd6f6f107c673afae\commons-lang3-3.14.0.jar because it was already located earlier
[13srp2026 19:27:48.995] [main/DEBUG] [net.neoforged.fml.loading.moddiscovery.ModDiscoverer/]: Skipping C:\Users\maste\.gradle\caches\modules-2\files-2.1\net.sf.jopt-simple\jopt-simple\5.0.4\4fdac2fbe92dfad86aa6e9301736f6b4342a3f5c\jopt-simple-5.0.4.jar because it was already located earlier
[13srp2026 19:27:48.995] [main/DEBUG] [net.neoforged.fml.loading.moddiscovery.ModDiscoverer/]: Skipping C:\Users\maste\.gradle\caches\modules-2\files-2.1\commons-io\commons-io\2.15.1\f11560da189ab563a5c8e351941415430e9304ea\commons-io-2.15.1.jar because it was already located earlier
[13srp2026 19:27:48.996] [main/DEBUG] [net.neoforged.fml.loading.moddiscovery.ModDiscoverer/]: Skipping C:\Users\maste\.gradle\caches\modules-2\files-2.1\com.mojang\logging\1.2.7\24cb95ffb0e3433fd6e844c04e68009e504ca1c0\logging-1.2.7.jar because it was already located earlier
[13srp2026 19:27:48.996] [main/DEBUG] [net.neoforged.fml.loading.moddiscovery.ModDiscoverer/]: Skipping C:\Users\maste\.gradle\caches\modules-2\files-2.1\org.apache.logging.log4j\log4j-slf4j2-impl\2.22.1\d7e6693c2606cb7e7335047d7bb96dec52db5665\log4j-slf4j2-impl-2.22.1.jar because it was already located earlier
[13srp2026 19:27:48.996] [main/DEBUG] [net.neoforged.fml.loading.moddiscovery.ModDiscoverer/]: Skipping C:\Users\maste\.gradle\caches\modules-2\files-2.1\org.apache.logging.log4j\log4j-core\2.22.1\7183a25510a02ad00cc6a95d3b3d2a7d3c5a8dc4\log4j-core-2.22.1.jar because it was already located earlier
[13srp2026 19:27:48.996] [main/DEBUG] [net.neoforged.fml.loading.moddiscovery.ModDiscoverer/]: Skipping C:\Users\maste\.gradle\caches\modules-2\files-2.1\org.apache.logging.log4j\log4j-api\2.22.1\bea6fede6328fabafd7e68363161a7ea6605abd1\log4j-api-2.22.1.jar because it was already located earlier
[13srp2026 19:27:48.996] [main/DEBUG] [net.neoforged.fml.loading.moddiscovery.ModDiscoverer/]: Skipping C:\Users\maste\.gradle\caches\modules-2\files-2.1\com.google.guava\guava\32.1.2-jre\5e64ec7e056456bef3a4bc4c6fdaef71e8ab6318\guava-32.1.2-jre.jar because it was already located earlier
[13srp2026 19:27:48.996] [main/DEBUG] [net.neoforged.fml.loading.moddiscovery.ModDiscoverer/]: Skipping C:\Users\maste\.gradle\caches\modules-2\files-2.1\com.google.code.gson\gson\2.10.1\b3add478d4382b78ea20b1671390a858002feb6c\gson-2.10.1.jar because it was already located earlier
[13srp2026 19:27:48.997] [main/DEBUG] [net.neoforged.fml.loading.moddiscovery.ModDiscoverer/]: Skipping C:\Users\maste\.gradle\caches\modules-2\files-2.1\org.slf4j\slf4j-api\2.0.9\7cf2726fdcfbc8610f9a71fb3ed639871f315340\slf4j-api-2.0.9.jar because it was already located earlier
[13srp2026 19:27:48.997] [main/DEBUG] [net.neoforged.fml.loading.moddiscovery.ModDiscoverer/]: Skipping C:\Users\maste\.gradle\caches\modules-2\files-2.1\org.antlr\antlr4-runtime\4.13.1\17125bae1d965624e265ef49552f6465a2bfa307\antlr4-runtime-4.13.1.jar because it was already located earlier
[13srp2026 19:27:48.997] [main/DEBUG] [net.neoforged.fml.loading.moddiscovery.ModDiscoverer/]: Skipping C:\Users\maste\.gradle\caches\modules-2\files-2.1\net.minecraftforge\srgutils\0.4.15\ca408b131759478f164e010fae0d73997e125fb5\srgutils-0.4.15.jar because it was already located earlier
[13srp2026 19:27:48.997] [main/DEBUG] [net.neoforged.fml.loading.moddiscovery.ModDiscoverer/]: Skipping C:\Users\maste\.gradle\caches\modules-2\files-2.1\org.codehaus.plexus\plexus-utils\3.3.0\cf43b5391de623b36fe066a21127baef82c64022\plexus-utils-3.3.0.jar because it was already located earlier
[13srp2026 19:27:48.997] [main/DEBUG] [net.neoforged.fml.loading.moddiscovery.ModDiscoverer/]: Skipping C:\Users\maste\.gradle\caches\modules-2\files-2.1\org.jline\jline-reader\3.20.0\8f15415b022a25b473e8e16c28ae913186ffb9c4\jline-reader-3.20.0.jar because it was already located earlier
[13srp2026 19:27:48.998] [main/DEBUG] [net.neoforged.fml.loading.moddiscovery.ModDiscoverer/]: Skipping C:\Users\maste\.gradle\caches\modules-2\files-2.1\com.machinezoo.noexception\noexception\1.7.1\b65330c98e38a1f915fa54a6e5eca496505e3f0a\noexception-1.7.1.jar because it was already located earlier
[13srp2026 19:27:48.998] [main/DEBUG] [net.neoforged.fml.loading.moddiscovery.ModDiscoverer/]: Skipping C:\Users\maste\.gradle\caches\modules-2\files-2.1\com.github.oshi\oshi-core\6.4.10\b1d8ab82d11d92fd639b56d639f8f46f739dd5fa\oshi-core-6.4.10.jar because it was already located earlier
[13srp2026 19:27:48.998] [main/DEBUG] [net.neoforged.fml.loading.moddiscovery.ModDiscoverer/]: Skipping C:\Users\maste\.gradle\caches\modules-2\files-2.1\com.google.guava\failureaccess\1.0.1\1dcf1de382a0bf95a3d8b0849546c88bac1292c9\failureaccess-1.0.1.jar because it was already located earlier
[13srp2026 19:27:48.999] [main/DEBUG] [net.neoforged.fml.loading.moddiscovery.ModDiscoverer/]: Skipping C:\Users\maste\.gradle\caches\modules-2\files-2.1\com.ibm.icu\icu4j\73.2\61ad4ef7f9131fcf6d25c34b817f90d6da06c9e9\icu4j-73.2.jar because it was already located earlier
[13srp2026 19:27:48.999] [main/DEBUG] [net.neoforged.fml.loading.moddiscovery.ModDiscoverer/]: Skipping C:\Users\maste\.gradle\caches\modules-2\files-2.1\com.mojang\authlib\6.0.54\de8bc95660e1b2fe8793fd427a7a10dcec5b3ea7\authlib-6.0.54.jar because it was already located earlier
[13srp2026 19:27:48.999] [main/DEBUG] [net.neoforged.fml.loading.moddiscovery.ModDiscoverer/]: Skipping C:\Users\maste\.gradle\caches\modules-2\files-2.1\com.mojang\blocklist\1.0.10\5c685c5ffa94c4cd39496c7184c1d122e515ecef\blocklist-1.0.10.jar because it was already located earlier
[13srp2026 19:27:48.999] [main/DEBUG] [net.neoforged.fml.loading.moddiscovery.ModDiscoverer/]: Skipping C:\Users\maste\.gradle\caches\modules-2\files-2.1\com.mojang\brigadier\1.3.10\d15b53a14cf20fdcaa98f731af5dda654452c010\brigadier-1.3.10.jar because it was already located earlier
[13srp2026 19:27:49.000] [main/DEBUG] [net.neoforged.fml.loading.moddiscovery.ModDiscoverer/]: Skipping C:\Users\maste\.gradle\caches\modules-2\files-2.1\com.mojang\datafixerupper\8.0.16\67d4de6d7f95d89bcf5862995fb854ebaec02a34\datafixerupper-8.0.16.jar because it was already located earlier
[13srp2026 19:27:49.000] [main/DEBUG] [net.neoforged.fml.loading.moddiscovery.ModDiscoverer/]: Skipping C:\Users\maste\.gradle\caches\modules-2\files-2.1\com.mojang\patchy\2.2.10\da05971b07cbb379d002cf7eaec6a2048211fefc\patchy-2.2.10.jar because it was already located earlier
[13srp2026 19:27:49.000] [main/DEBUG] [net.neoforged.fml.loading.moddiscovery.ModDiscoverer/]: Skipping C:\Users\maste\.gradle\caches\modules-2\files-2.1\com.mojang\text2speech\1.17.9\3cad216e3a7f0c19b4b394388bc9ffc446f13b14\text2speech-1.17.9.jar because it was already located earlier
[13srp2026 19:27:49.001] [main/DEBUG] [net.neoforged.fml.loading.moddiscovery.ModDiscoverer/]: Skipping C:\Users\maste\.gradle\caches\modules-2\files-2.1\commons-codec\commons-codec\1.16.0\4e3eb3d79888d76b54e28b350915b5dc3919c9de\commons-codec-1.16.0.jar because it was already located earlier
[13srp2026 19:27:49.001] [main/DEBUG] [net.neoforged.fml.loading.moddiscovery.ModDiscoverer/]: Skipping C:\Users\maste\.gradle\caches\modules-2\files-2.1\commons-logging\commons-logging\1.2\4bfc12adfe4842bf07b657f0369c4cb522955686\commons-logging-1.2.jar because it was already located earlier
[13srp2026 19:27:49.001] [main/DEBUG] [net.neoforged.fml.loading.moddiscovery.ModDiscoverer/]: Skipping C:\Users\maste\.gradle\caches\modules-2\files-2.1\io.netty\netty-buffer\4.1.97.Final\f8f3d8644afa5e6e1a40a3a6aeb9d9aa970ecb4f\netty-buffer-4.1.97.Final.jar because it was already located earlier
[13srp2026 19:27:49.001] [main/DEBUG] [net.neoforged.fml.loading.moddiscovery.ModDiscoverer/]: Skipping C:\Users\maste\.gradle\caches\modules-2\files-2.1\io.netty\netty-codec\4.1.97.Final\384ba4d75670befbedb45c4d3b497a93639c206d\netty-codec-4.1.97.Final.jar because it was already located earlier
[13srp2026 19:27:49.001] [main/DEBUG] [net.neoforged.fml.loading.moddiscovery.ModDiscoverer/]: Skipping C:\Users\maste\.gradle\caches\modules-2\files-2.1\io.netty\netty-common\4.1.97.Final\7cceacaf11df8dc63f23d0fb58e9d4640fc88404\netty-common-4.1.97.Final.jar because it was already located earlier
[13srp2026 19:27:49.001] [main/DEBUG] [net.neoforged.fml.loading.moddiscovery.ModDiscoverer/]: Skipping C:\Users\maste\.gradle\caches\modules-2\files-2.1\io.netty\netty-handler\4.1.97.Final\abb86c6906bf512bf2b797a41cd7d2e8d3cd7c36\netty-handler-4.1.97.Final.jar because it was already located earlier
[13srp2026 19:27:49.001] [main/DEBUG] [net.neoforged.fml.loading.moddiscovery.ModDiscoverer/]: Skipping C:\Users\maste\.gradle\caches\modules-2\files-2.1\io.netty\netty-resolver\4.1.97.Final\cec8348108dc76c47cf87c669d514be52c922144\netty-resolver-4.1.97.Final.jar because it was already located earlier
[13srp2026 19:27:49.002] [main/DEBUG] [net.neoforged.fml.loading.moddiscovery.ModDiscoverer/]: Skipping C:\Users\maste\.gradle\caches\modules-2\files-2.1\io.netty\netty-transport-classes-epoll\4.1.97.Final\795da37ded759e862457a82d9d92c4d39ce8ecee\netty-transport-classes-epoll-4.1.97.Final.jar because it was already located earlier
[13srp2026 19:27:49.002] [main/DEBUG] [net.neoforged.fml.loading.moddiscovery.ModDiscoverer/]: Skipping C:\Users\maste\.gradle\caches\modules-2\files-2.1\io.netty\netty-transport-native-unix-common\4.1.97.Final\d469d84265ab70095b01b40886cabdd433b6e664\netty-transport-native-unix-common-4.1.97.Final.jar because it was already located earlier
[13srp2026 19:27:49.002] [main/DEBUG] [net.neoforged.fml.loading.moddiscovery.ModDiscoverer/]: Skipping C:\Users\maste\.gradle\caches\modules-2\files-2.1\io.netty\netty-transport\4.1.97.Final\f37380d23c9bb079bc702910833b2fd532c9abd0\netty-transport-4.1.97.Final.jar because it was already located earlier
[13srp2026 19:27:49.002] [main/DEBUG] [net.neoforged.fml.loading.moddiscovery.ModDiscoverer/]: Skipping C:\Users\maste\.gradle\caches\modules-2\files-2.1\it.unimi.dsi\fastutil\8.5.12\c24946d46824bd528054bface3231d2ecb7e95e8\fastutil-8.5.12.jar because it was already located earlier
[13srp2026 19:27:49.002] [main/DEBUG] [net.neoforged.fml.loading.moddiscovery.ModDiscoverer/]: Skipping C:\Users\maste\.gradle\caches\modules-2\files-2.1\net.java.dev.jna\jna-platform\5.14.0\28934d48aed814f11e4c584da55c49fa7032b31b\jna-platform-5.14.0.jar because it was already located earlier
[13srp2026 19:27:49.003] [main/DEBUG] [net.neoforged.fml.loading.moddiscovery.ModDiscoverer/]: Skipping C:\Users\maste\.gradle\caches\modules-2\files-2.1\net.java.dev.jna\jna\5.14.0\67bf3eaea4f0718cb376a181a629e5f88fa1c9dd\jna-5.14.0.jar because it was already located earlier
[13srp2026 19:27:49.003] [main/DEBUG] [net.neoforged.fml.loading.moddiscovery.ModDiscoverer/]: Skipping C:\Users\maste\.gradle\caches\modules-2\files-2.1\org.apache.commons\commons-compress\1.26.0\659feffdd12280201c8aacb8f7be94f9a883c824\commons-compress-1.26.0.jar because it was already located earlier
[13srp2026 19:27:49.003] [main/DEBUG] [net.neoforged.fml.loading.moddiscovery.ModDiscoverer/]: Skipping C:\Users\maste\.gradle\caches\modules-2\files-2.1\org.apache.httpcomponents\httpclient\4.5.13\e5f6cae5ca7ecaac1ec2827a9e2d65ae2869cada\httpclient-4.5.13.jar because it was already located earlier
[13srp2026 19:27:49.003] [main/DEBUG] [net.neoforged.fml.loading.moddiscovery.ModDiscoverer/]: Skipping C:\Users\maste\.gradle\caches\modules-2\files-2.1\org.apache.httpcomponents\httpcore\4.4.16\51cf043c87253c9f58b539c9f7e44c8894223850\httpcore-4.4.16.jar because it was already located earlier
[13srp2026 19:27:49.003] [main/DEBUG] [net.neoforged.fml.loading.moddiscovery.ModDiscoverer/]: Skipping C:\Users\maste\.gradle\caches\modules-2\files-2.1\org.jcraft\jorbis\0.0.17\8872d22b293e8f5d7d56ff92be966e6dc28ebdc6\jorbis-0.0.17.jar because it was already located earlier
[13srp2026 19:27:49.003] [main/DEBUG] [net.neoforged.fml.loading.moddiscovery.ModDiscoverer/]: Skipping C:\Users\maste\.gradle\caches\modules-2\files-2.1\org.joml\joml\1.10.5\22566d58af70ad3d72308bab63b8339906deb649\joml-1.10.5.jar because it was already located earlier
[13srp2026 19:27:49.003] [main/DEBUG] [net.neoforged.fml.loading.moddiscovery.ModDiscoverer/]: Skipping C:\Users\maste\.gradle\caches\modules-2\files-2.1\org.lwjgl\lwjgl-freetype\3.3.3\a0db6c84a8becc8ca05f9dbfa985edc348a824c7\lwjgl-freetype-3.3.3.jar because it was already located earlier
[13srp2026 19:27:49.017] [main/DEBUG] [net.neoforged.fml.loading.moddiscovery.ModDiscoverer/]: Skipping C:\Users\maste\.gradle\caches\modules-2\files-2.1\org.lwjgl\lwjgl-freetype\3.3.3\15a8c1de7f51d07a92eae7ce1222557073a0c0c3\lwjgl-freetype-3.3.3-natives-windows-x86.jar because it was already located earlier
[13srp2026 19:27:49.018] [main/DEBUG] [net.neoforged.fml.loading.moddiscovery.ModDiscoverer/]: Skipping C:\Users\maste\.gradle\caches\modules-2\files-2.1\org.lwjgl\lwjgl-glfw\3.3.3\efa1eb78c5ccd840e9f329717109b5e892d72f8e\lwjgl-glfw-3.3.3.jar because it was already located earlier
[13srp2026 19:27:49.032] [main/DEBUG] [net.neoforged.fml.loading.moddiscovery.ModDiscoverer/]: Skipping C:\Users\maste\.gradle\caches\modules-2\files-2.1\org.lwjgl\lwjgl-glfw\3.3.3\32334f3fd5270a59bad9939a93115acb6de36dcf\lwjgl-glfw-3.3.3-natives-windows-x86.jar because it was already located earlier
[13srp2026 19:27:49.032] [main/DEBUG] [net.neoforged.fml.loading.moddiscovery.ModDiscoverer/]: Skipping C:\Users\maste\.gradle\caches\modules-2\files-2.1\org.lwjgl\lwjgl-jemalloc\3.3.3\b543467b7ff3c6920539a88ee602d34098628be5\lwjgl-jemalloc-3.3.3.jar because it was already located earlier
[13srp2026 19:27:49.032] [main/DEBUG] [net.neoforged.fml.loading.moddiscovery.ModDiscoverer/]: Skipping C:\Users\maste\.gradle\caches\modules-2\files-2.1\org.lwjgl\lwjgl-jemalloc\3.3.3\426222fc027602a5f21b9c0fe79cde6a4c7a011f\lwjgl-jemalloc-3.3.3-natives-windows.jar because it was already located earlier
[13srp2026 19:27:49.045] [main/DEBUG] [net.neoforged.fml.loading.moddiscovery.ModDiscoverer/]: Skipping C:\Users\maste\.gradle\caches\modules-2\files-2.1\org.lwjgl\lwjgl-openal\3.3.3\daada81ceb5fc0c291fbfdd4433cb8d9423577f2\lwjgl-openal-3.3.3.jar because it was already located earlier
[13srp2026 19:27:49.056] [main/DEBUG] [net.neoforged.fml.loading.moddiscovery.ModDiscoverer/]: Skipping C:\Users\maste\.gradle\caches\modules-2\files-2.1\org.lwjgl\lwjgl-openal\3.3.3\87b8d5050e3adb46bb58fe1cb2669a4a48fce10d\lwjgl-openal-3.3.3-natives-windows-x86.jar because it was already located earlier
[13srp2026 19:27:49.056] [main/DEBUG] [net.neoforged.fml.loading.moddiscovery.ModDiscoverer/]: Skipping C:\Users\maste\.gradle\caches\modules-2\files-2.1\org.lwjgl\lwjgl-opengl\3.3.3\2f6b0147078396a58979125a4c947664e98293a\lwjgl-opengl-3.3.3.jar because it was already located earlier
[13srp2026 19:27:49.061] [main/DEBUG] [net.neoforged.fml.loading.moddiscovery.ModDiscoverer/]: Skipping C:\Users\maste\.gradle\caches\modules-2\files-2.1\org.lwjgl\lwjgl-opengl\3.3.3\65e956d3735a1abdc82eff4baec1b61174697d4b\lwjgl-opengl-3.3.3-natives-windows-arm64.jar because it was already located earlier
[13srp2026 19:27:49.064] [main/DEBUG] [net.neoforged.fml.loading.moddiscovery.ModDiscoverer/]: Skipping C:\Users\maste\.gradle\caches\modules-2\files-2.1\org.lwjgl\lwjgl-stb\3.3.3\25dd6161988d7e65f71d5065c99902402ee32746\lwjgl-stb-3.3.3.jar because it was already located earlier
[13srp2026 19:27:49.065] [main/DEBUG] [net.neoforged.fml.loading.moddiscovery.ModDiscoverer/]: Skipping C:\Users\maste\.gradle\caches\modules-2\files-2.1\org.lwjgl\lwjgl-stb\3.3.3\1d9facdf6541de114b0f963be33505b7679c78cb\lwjgl-stb-3.3.3-natives-windows.jar because it was already located earlier
[13srp2026 19:27:49.070] [main/DEBUG] [net.neoforged.fml.loading.moddiscovery.ModDiscoverer/]: Skipping C:\Users\maste\.gradle\caches\modules-2\files-2.1\org.lwjgl\lwjgl-tinyfd\3.3.3\82d755ca94b102e9ca77283b9e2dc46d1b15fbe5\lwjgl-tinyfd-3.3.3.jar because it was already located earlier
[13srp2026 19:27:49.071] [main/DEBUG] [net.neoforged.fml.loading.moddiscovery.ModDiscoverer/]: Skipping C:\Users\maste\.gradle\caches\modules-2\files-2.1\org.lwjgl\lwjgl-tinyfd\3.3.3\a6697981b0449a5087c1d546fc08b4f73e8f98c9\lwjgl-tinyfd-3.3.3-natives-windows.jar because it was already located earlier
[13srp2026 19:27:49.080] [main/DEBUG] [net.neoforged.fml.loading.moddiscovery.ModDiscoverer/]: Skipping C:\Users\maste\.gradle\caches\modules-2\files-2.1\org.lwjgl\lwjgl\3.3.3\29589b5f87ed335a6c7e7ee6a5775f81f97ecb84\lwjgl-3.3.3.jar because it was already located earlier
[13srp2026 19:27:49.094] [main/DEBUG] [net.neoforged.fml.loading.moddiscovery.ModDiscoverer/]: Skipping C:\Users\maste\.gradle\caches\modules-2\files-2.1\org.lwjgl\lwjgl\3.3.3\9e670718e050aeaeea0c2d5b907cffb142f2e58f\lwjgl-3.3.3-natives-windows-x86.jar because it was already located earlier
[13srp2026 19:27:49.095] [main/DEBUG] [net.neoforged.fml.loading.moddiscovery.ModDiscoverer/]: Skipping C:\Users\maste\.gradle\caches\modules-2\files-2.1\org.lz4\lz4-java\1.8.0\4b986a99445e49ea5fbf5d149c4b63f6ed6c6780\lz4-java-1.8.0.jar because it was already located earlier
[13srp2026 19:27:49.095] [main/DEBUG] [net.neoforged.fml.loading.moddiscovery.ModDiscoverer/]: Skipping C:\Users\maste\.gradle\caches\modules-2\files-2.1\org.jline\jline-terminal\3.20.0\d0ddcc708ddf527a3454c941b7b9225cc83a15ff\jline-terminal-3.20.0.jar because it was already located earlier
[13srp2026 19:27:49.095] [main/DEBUG] [net.neoforged.fml.loading.moddiscovery.ModDiscoverer/]: Skipping C:\Users\maste\.gradle\caches\modules-2\files-2.1\com.google.guava\listenablefuture\9999.0-empty-to-avoid-conflict-with-guava\b421526c5f297295adef1c886e5246c39d4ac629\listenablefuture-9999.0-empty-to-avoid-conflict-with-guava.jar because it was already located earlier
[13srp2026 19:27:49.095] [main/DEBUG] [net.neoforged.fml.loading.moddiscovery.ModDiscoverer/]: Skipping C:\Users\maste\.gradle\caches\modules-2\files-2.1\com.google.code.findbugs\jsr305\3.0.2\25ea2e8b0c338a877313bd4672d3fe056ea78f0d\jsr305-3.0.2.jar because it was already located earlier
[13srp2026 19:27:49.095] [main/DEBUG] [net.neoforged.fml.loading.moddiscovery.ModDiscoverer/]: Skipping C:\Users\maste\.gradle\caches\modules-2\files-2.1\org.checkerframework\checker-qual\3.33.0\de2b60b62da487644fc11f734e73c8b0b431238f\checker-qual-3.33.0.jar because it was already located earlier
[13srp2026 19:27:49.095] [main/DEBUG] [net.neoforged.fml.loading.moddiscovery.ModDiscoverer/]: Skipping C:\Users\maste\.gradle\caches\modules-2\files-2.1\com.google.errorprone\error_prone_annotations\2.18.0\89b684257096f548fa39a7df9fdaa409d4d4df91\error_prone_annotations-2.18.0.jar because it was already located earlier
[13srp2026 19:27:49.095] [main/DEBUG] [net.neoforged.fml.loading.moddiscovery.ModDiscoverer/]: Skipping C:\Users\maste\.gradle\caches\modules-2\files-2.1\com.google.j2objc\j2objc-annotations\2.8\c85270e307e7b822f1086b93689124b89768e273\j2objc-annotations-2.8.jar because it was already located earlier
[13srp2026 19:27:49.098] [main/DEBUG] [net.neoforged.fml.loading.UniqueModListBuilder/]: Found 2 mods for first modid neoforge, selecting most recent based on version data
[13srp2026 19:27:49.099] [main/DEBUG] [net.neoforged.fml.loading.UniqueModListBuilder/]: Selected file neoforge-21.1.238.jar for modid neoforge with version 21.1.238
[13srp2026 19:27:49.376] [main/INFO] [net.neoforged.fml.loading.moddiscovery.locators.JarInJarDependencyLocator/]: Found 2 dependencies adding them to mods collection
[13srp2026 19:27:49.380] [main/INFO] [net.neoforged.fml.loading.moddiscovery.ModDiscoverer/]: 
     Mod List:
		Name Version (Mod Id)

		Apolinum - arise! 1.0.0 (apolinumarise)
		GeckoLib 4 4.9.2 (geckolib)
		Minecraft 1.21.1 (minecraft)
		NeoForge 21.1.238 (neoforge)
[13srp2026 19:27:49.382] [main/DEBUG] [net.neoforged.fml.loading.moddiscovery.ModFileInfo/LOADING]: Found valid mod file neoforge-21.1.238.jar with {minecraft} mods - versions {1.21.1}
[13srp2026 19:27:49.386] [main/DEBUG] [net.neoforged.fml.loading.moddiscovery.ModFile/LOADING]: Loading mod file C:\Users\maste\Desktop\Start\Projects\Apolinum Arise 1.21.1\build\moddev\artifacts\neoforge-21.1.238.jar with languages [LanguageSpec[languageName=minecraft, acceptedVersions=1]]
[13srp2026 19:27:49.389] [main/DEBUG] [net.neoforged.fml.loading.moddiscovery.ModFileParser/LOADING]: Considering mod file candidate C:\Users\maste\Desktop\Start\Projects\Apolinum Arise 1.21.1\build\classes\java\main
[13srp2026 19:27:49.394] [main/DEBUG] [net.neoforged.fml.loading.moddiscovery.ModFileInfo/LOADING]: Found valid mod file main with {apolinumarise} mods - versions {1.0.0}
[13srp2026 19:27:49.394] [main/DEBUG] [net.neoforged.fml.loading.moddiscovery.ModFile/LOADING]: Loading mod file C:\Users\maste\Desktop\Start\Projects\Apolinum Arise 1.21.1\build\classes\java\main with languages [LanguageSpec[languageName=javafml, acceptedVersions=[1,)]]
[13srp2026 19:27:49.396] [main/DEBUG] [net.neoforged.fml.loading.moddiscovery.ModFileParser/LOADING]: Considering mod file candidate C:\Users\maste\.gradle\caches\modules-2\files-2.1\software.bernie.geckolib\geckolib-neoforge-1.21.1\4.9.2\14c64013cadee7d28f3685f94350f9a4d2ec6d86\geckolib-neoforge-1.21.1-4.9.2.jar
[13srp2026 19:27:49.402] [main/DEBUG] [net.neoforged.fml.loading.moddiscovery.ModFileInfo/LOADING]: Found valid mod file geckolib-neoforge-1.21.1-4.9.2.jar with {geckolib} mods - versions {4.9.2}
[13srp2026 19:27:49.402] [main/DEBUG] [net.neoforged.fml.loading.moddiscovery.ModFile/LOADING]: Loading mod file C:\Users\maste\.gradle\caches\modules-2\files-2.1\software.bernie.geckolib\geckolib-neoforge-1.21.1\4.9.2\14c64013cadee7d28f3685f94350f9a4d2ec6d86\geckolib-neoforge-1.21.1-4.9.2.jar with languages [LanguageSpec[languageName=javafml, acceptedVersions=[4,)]]
[13srp2026 19:27:49.404] [main/DEBUG] [net.neoforged.fml.loading.moddiscovery.ModFile/LOADING]: Found mixin config MixinConfig[config=geckolib.mixins.json, requiredMods=[]]
[13srp2026 19:27:49.406] [main/DEBUG] [net.neoforged.fml.loading.moddiscovery.ModFileParser/LOADING]: Considering mod file candidate C:\Users\maste\Desktop\Start\Projects\Apolinum Arise 1.21.1\build\moddev\artifacts\neoforge-21.1.238.jar
[13srp2026 19:27:49.408] [main/DEBUG] [net.neoforged.fml.loading.moddiscovery.ModFileInfo/LOADING]: Found valid mod file neoforge-21.1.238.jar with {neoforge} mods - versions {21.1.238}
[13srp2026 19:27:49.409] [main/DEBUG] [net.neoforged.fml.loading.moddiscovery.ModFile/LOADING]: Loading mod file C:\Users\maste\Desktop\Start\Projects\Apolinum Arise 1.21.1\build\moddev\artifacts\neoforge-21.1.238.jar with languages [LanguageSpec[languageName=javafml, acceptedVersions=[3,]]]
[13srp2026 19:27:49.409] [main/DEBUG] [net.neoforged.fml.loading.moddiscovery.ModFile/LOADING]: Found mixin config MixinConfig[config=neoforge.mixins.json, requiredMods=[]]
[13srp2026 19:27:49.409] [main/DEBUG] [net.neoforged.fml.loading.moddiscovery.ModFile/LOADING]: Loading mod file  with languages []
[13srp2026 19:27:49.411] [main/DEBUG] [cpw.mods.modlauncher.TransformationServiceDecorator/MODLAUNCHER]: End scan trigger - transformation service fml
[13srp2026 19:27:49.433] [main/DEBUG] [net.neoforged.fml.util.ServiceLoaderUtil/CORE]: Found 3 implementations of IModLanguageLoader:
[13srp2026 19:27:49.433] [main/DEBUG] [net.neoforged.fml.util.ServiceLoaderUtil/CORE]: 	net.neoforged.fml.javafmlmod.FMLJavaModLanguageProvider from loader-4.0.43.jar
[13srp2026 19:27:49.435] [main/DEBUG] [net.neoforged.fml.util.ServiceLoaderUtil/CORE]: 	net.neoforged.fml.lowcodemod.LowCodeModLanguageProvider from loader-4.0.43.jar
[13srp2026 19:27:49.435] [main/DEBUG] [net.neoforged.fml.util.ServiceLoaderUtil/CORE]: 	net.neoforged.fml.mclanguageprovider.MinecraftModLanguageProvider from loader-4.0.43.jar
[13srp2026 19:27:49.436] [main/DEBUG] [net.neoforged.fml.loading.LanguageProviderLoader/CORE]: Found language provider javafml, version 4.0.43
[13srp2026 19:27:49.438] [main/DEBUG] [net.neoforged.fml.loading.LanguageProviderLoader/CORE]: Found language provider lowcodefml, version 4.0.43
[13srp2026 19:27:49.439] [main/DEBUG] [net.neoforged.fml.loading.LanguageProviderLoader/CORE]: Found language provider minecraft, version 4.0.43
[13srp2026 19:27:49.452] [main/DEBUG] [net.neoforged.fml.loading.ModSorter/]: Configured system mods: [minecraft, neoforge]
[13srp2026 19:27:49.452] [main/DEBUG] [net.neoforged.fml.loading.ModSorter/]: Found system mod: minecraft
[13srp2026 19:27:49.452] [main/DEBUG] [net.neoforged.fml.loading.ModSorter/]: Found system mod: neoforge
[13srp2026 19:27:49.455] [main/DEBUG] [net.neoforged.fml.loading.ModSorter/LOADING]: Found 6 mod requirements (5 mandatory, 1 optional)
[13srp2026 19:27:49.456] [main/DEBUG] [net.neoforged.fml.loading.ModSorter/LOADING]: Found 0 mod requirements missing (0 mandatory, 0 optional)
[13srp2026 19:27:49.617] [main/DEBUG] [mixin/]: Adding mixin platform agents for container net.neoforged.fml.loading.mixin.FMLMixinContainerHandle@2f61f937
[13srp2026 19:27:49.617] [main/DEBUG] [mixin/]: Instancing new MixinPlatformAgentMinecraftForge for net.neoforged.fml.loading.mixin.FMLMixinContainerHandle@2f61f937
[13srp2026 19:27:49.618] [main/DEBUG] [mixin/]: MixinPlatformAgentMinecraftForge rejected container net.neoforged.fml.loading.mixin.FMLMixinContainerHandle@2f61f937
[13srp2026 19:27:49.618] [main/DEBUG] [mixin/]: Instancing new MixinPlatformAgentDefault for net.neoforged.fml.loading.mixin.FMLMixinContainerHandle@2f61f937
[13srp2026 19:27:49.618] [main/DEBUG] [mixin/]: MixinPlatformAgentDefault accepted container net.neoforged.fml.loading.mixin.FMLMixinContainerHandle@2f61f937
[13srp2026 19:27:49.618] [main/DEBUG] [mixin/]: Instancing new FMLMixinPlatformAgent for net.neoforged.fml.loading.mixin.FMLMixinContainerHandle@2f61f937
[13srp2026 19:27:49.618] [main/DEBUG] [mixin/]: FMLMixinPlatformAgent accepted container net.neoforged.fml.loading.mixin.FMLMixinContainerHandle@2f61f937
[13srp2026 19:27:49.630] [main/DEBUG] [cpw.mods.modlauncher.TransformationServicesHandler/MODLAUNCHER]: Transformation services loading transformers
[13srp2026 19:27:49.631] [main/DEBUG] [cpw.mods.modlauncher.TransformationServiceDecorator/MODLAUNCHER]: Initializing transformers for transformation service mixin
[13srp2026 19:27:49.632] [main/DEBUG] [cpw.mods.modlauncher.TransformationServiceDecorator/MODLAUNCHER]: Initialized transformers for transformation service mixin
[13srp2026 19:27:49.632] [main/DEBUG] [cpw.mods.modlauncher.TransformationServiceDecorator/MODLAUNCHER]: Initializing transformers for transformation service fml
[13srp2026 19:27:49.632] [main/DEBUG] [net.neoforged.fml.loading.FMLServiceProvider/LOADING]: Loading coremod transformers
[13srp2026 19:27:49.633] [main/DEBUG] [net.neoforged.fml.loading.FMLServiceProvider/CORE]: Not loading coremod script-engine since no mod requested it
[13srp2026 19:27:49.635] [main/DEBUG] [net.neoforged.fml.util.ServiceLoaderUtil/CORE]: Found 1 implementations of ICoreMod:
[13srp2026 19:27:49.636] [main/DEBUG] [net.neoforged.fml.util.ServiceLoaderUtil/CORE]: 	net.neoforged.neoforge.coremods.NeoForgeCoreMod from neoforge-21.1.238.jar > net.neoforged.neoforge-coremods-21.1.238.jar
[13srp2026 19:27:49.659] [main/DEBUG] [net.neoforged.fml.loading.FMLServiceProvider/CORE]: Adding [Target[className=net.minecraft.world.level.biome.Biome, elementName=, elementDescriptor=, targetType=cpw.mods.modlauncher.api.TargetType@34f7234e]] transformer from core-mod net.neoforged.neoforge.coremods.NeoForgeCoreMod@640dc4c6 in neoforge-21.1.238.jar > net.neoforged.neoforge-coremods-21.1.238.jar
[13srp2026 19:27:49.659] [main/DEBUG] [net.neoforged.fml.loading.FMLServiceProvider/CORE]: Adding [Target[className=net.minecraft.world.level.levelgen.structure.Structure, elementName=, elementDescriptor=, targetType=cpw.mods.modlauncher.api.TargetType@34f7234e]] transformer from core-mod net.neoforged.neoforge.coremods.NeoForgeCoreMod@640dc4c6 in neoforge-21.1.238.jar > net.neoforged.neoforge-coremods-21.1.238.jar
[13srp2026 19:27:49.660] [main/DEBUG] [net.neoforged.fml.loading.FMLServiceProvider/CORE]: Adding [Target[className=net.minecraft.world.level.block.FlowerPotBlock, elementName=, elementDescriptor=, targetType=cpw.mods.modlauncher.api.TargetType@34f7234e]] transformer from core-mod net.neoforged.neoforge.coremods.NeoForgeCoreMod@640dc4c6 in neoforge-21.1.238.jar > net.neoforged.neoforge-coremods-21.1.238.jar
[13srp2026 19:27:49.661] [main/DEBUG] [net.neoforged.fml.loading.FMLServiceProvider/CORE]: Adding [Target[className=net/minecraft/world/level/levelgen/PhantomSpawner, elementName=, elementDescriptor=, targetType=cpw.mods.modlauncher.api.TargetType@34f7234e], Target[className=net/minecraft/world/entity/npc/CatSpawner, elementName=, elementDescriptor=, targetType=cpw.mods.modlauncher.api.TargetType@34f7234e], Target[className=net/minecraft/world/entity/npc/Villager, elementName=, elementDescriptor=, targetType=cpw.mods.modlauncher.api.TargetType@34f7234e], Target[className=net/minecraft/world/level/levelgen/structure/structures/WoodlandMansionPieces$WoodlandMansionPiece, elementName=, elementDescriptor=, targetType=cpw.mods.modlauncher.api.TargetType@34f7234e], Target[className=net/minecraft/server/commands/SummonCommand, elementName=, elementDescriptor=, targetType=cpw.mods.modlauncher.api.TargetType@34f7234e], Target[className=net/minecraft/world/entity/raid/Raid, elementName=, elementDescriptor=, targetType=cpw.mods.modlauncher.api.TargetType@34f7234e], Target[className=net/minecraft/world/level/NaturalSpawner, elementName=, elementDescriptor=, targetType=cpw.mods.modlauncher.api.TargetType@34f7234e], Target[className=net/minecraft/world/entity/monster/Spider, elementName=, elementDescriptor=, targetType=cpw.mods.modlauncher.api.TargetType@34f7234e], Target[className=net/minecraft/world/entity/monster/Zombie, elementName=, elementDescriptor=, targetType=cpw.mods.modlauncher.api.TargetType@34f7234e], Target[className=net/minecraft/world/entity/monster/ZombieVillager, elementName=, elementDescriptor=, targetType=cpw.mods.modlauncher.api.TargetType@34f7234e], Target[className=net/minecraft/world/level/levelgen/structure/structures/OceanMonumentPieces$OceanMonumentPiece, elementName=, elementDescriptor=, targetType=cpw.mods.modlauncher.api.TargetType@34f7234e], Target[className=net/minecraft/world/entity/monster/Evoker$EvokerSummonSpellGoal, elementName=, elementDescriptor=, targetType=cpw.mods.modlauncher.api.TargetType@34f7234e], Target[className=net/minecraft/server/commands/RaidCommand, elementName=, elementDescriptor=, targetType=cpw.mods.modlauncher.api.TargetType@34f7234e], Target[className=net/minecraft/world/entity/animal/frog/Tadpole, elementName=, elementDescriptor=, targetType=cpw.mods.modlauncher.api.TargetType@34f7234e], Target[className=net/minecraft/world/level/levelgen/structure/templatesystem/StructureTemplate, elementName=, elementDescriptor=, targetType=cpw.mods.modlauncher.api.TargetType@34f7234e], Target[className=net/minecraft/world/entity/EntityType, elementName=, elementDescriptor=, targetType=cpw.mods.modlauncher.api.TargetType@34f7234e], Target[className=net/minecraft/world/entity/animal/horse/SkeletonTrapGoal, elementName=, elementDescriptor=, targetType=cpw.mods.modlauncher.api.TargetType@34f7234e], Target[className=net/minecraft/world/entity/ai/village/VillageSiege, elementName=, elementDescriptor=, targetType=cpw.mods.modlauncher.api.TargetType@34f7234e], Target[className=net/minecraft/world/entity/monster/Strider, elementName=, elementDescriptor=, targetType=cpw.mods.modlauncher.api.TargetType@34f7234e], Target[className=net/minecraft/world/level/levelgen/structure/structures/SwampHutPiece, elementName=, elementDescriptor=, targetType=cpw.mods.modlauncher.api.TargetType@34f7234e], Target[className=net/minecraft/world/level/levelgen/structure/structures/OceanRuinPieces$OceanRuinPiece, elementName=, elementDescriptor=, targetType=cpw.mods.modlauncher.api.TargetType@34f7234e], Target[className=net/minecraft/world/level/levelgen/PatrolSpawner, elementName=, elementDescriptor=, targetType=cpw.mods.modlauncher.api.TargetType@34f7234e]] transformer from core-mod net.neoforged.neoforge.coremods.NeoForgeCoreMod@640dc4c6 in neoforge-21.1.238.jar > net.neoforged.neoforge-coremods-21.1.238.jar
[13srp2026 19:27:49.670] [main/DEBUG] [cpw.mods.modlauncher.TransformStore/MODLAUNCHER]: Adding transformer net.neoforged.neoforge.coremods.ReplaceFieldWithGetterAccess@46d9aec8 to Target : cpw.mods.modlauncher.api.TargetType@34f7234e {Lnet/minecraft/world/level/biome/Biome;} {} {V}
[13srp2026 19:27:49.671] [main/DEBUG] [cpw.mods.modlauncher.TransformStore/MODLAUNCHER]: Adding transformer net.neoforged.neoforge.coremods.ReplaceFieldWithGetterAccess@bc4d5e1 to Target : cpw.mods.modlauncher.api.TargetType@34f7234e {Lnet/minecraft/world/level/levelgen/structure/Structure;} {} {V}
[13srp2026 19:27:49.672] [main/DEBUG] [cpw.mods.modlauncher.TransformStore/MODLAUNCHER]: Adding transformer net.neoforged.neoforge.coremods.ReplaceFieldWithGetterAccess@3c6aa04a to Target : cpw.mods.modlauncher.api.TargetType@34f7234e {Lnet/minecraft/world/level/block/FlowerPotBlock;} {} {V}
[13srp2026 19:27:49.673] [main/DEBUG] [cpw.mods.modlauncher.TransformStore/MODLAUNCHER]: Adding transformer net.neoforged.neoforge.coremods.MethodRedirector@2257fadf to Target : cpw.mods.modlauncher.api.TargetType@34f7234e {Lnet/minecraft/world/level/levelgen/PhantomSpawner;} {} {V}
[13srp2026 19:27:49.674] [main/DEBUG] [cpw.mods.modlauncher.TransformStore/MODLAUNCHER]: Adding transformer net.neoforged.neoforge.coremods.MethodRedirector@2257fadf to Target : cpw.mods.modlauncher.api.TargetType@34f7234e {Lnet/minecraft/world/entity/npc/CatSpawner;} {} {V}
[13srp2026 19:27:49.674] [main/DEBUG] [cpw.mods.modlauncher.TransformStore/MODLAUNCHER]: Adding transformer net.neoforged.neoforge.coremods.MethodRedirector@2257fadf to Target : cpw.mods.modlauncher.api.TargetType@34f7234e {Lnet/minecraft/world/entity/npc/Villager;} {} {V}
[13srp2026 19:27:49.674] [main/DEBUG] [cpw.mods.modlauncher.TransformStore/MODLAUNCHER]: Adding transformer net.neoforged.neoforge.coremods.MethodRedirector@2257fadf to Target : cpw.mods.modlauncher.api.TargetType@34f7234e {Lnet/minecraft/world/level/levelgen/structure/structures/WoodlandMansionPieces$WoodlandMansionPiece;} {} {V}
[13srp2026 19:27:49.674] [main/DEBUG] [cpw.mods.modlauncher.TransformStore/MODLAUNCHER]: Adding transformer net.neoforged.neoforge.coremods.MethodRedirector@2257fadf to Target : cpw.mods.modlauncher.api.TargetType@34f7234e {Lnet/minecraft/server/commands/SummonCommand;} {} {V}
[13srp2026 19:27:49.674] [main/DEBUG] [cpw.mods.modlauncher.TransformStore/MODLAUNCHER]: Adding transformer net.neoforged.neoforge.coremods.MethodRedirector@2257fadf to Target : cpw.mods.modlauncher.api.TargetType@34f7234e {Lnet/minecraft/world/entity/raid/Raid;} {} {V}
[13srp2026 19:27:49.674] [main/DEBUG] [cpw.mods.modlauncher.TransformStore/MODLAUNCHER]: Adding transformer net.neoforged.neoforge.coremods.MethodRedirector@2257fadf to Target : cpw.mods.modlauncher.api.TargetType@34f7234e {Lnet/minecraft/world/level/NaturalSpawner;} {} {V}
[13srp2026 19:27:49.674] [main/DEBUG] [cpw.mods.modlauncher.TransformStore/MODLAUNCHER]: Adding transformer net.neoforged.neoforge.coremods.MethodRedirector@2257fadf to Target : cpw.mods.modlauncher.api.TargetType@34f7234e {Lnet/minecraft/world/entity/monster/Spider;} {} {V}
[13srp2026 19:27:49.674] [main/DEBUG] [cpw.mods.modlauncher.TransformStore/MODLAUNCHER]: Adding transformer net.neoforged.neoforge.coremods.MethodRedirector@2257fadf to Target : cpw.mods.modlauncher.api.TargetType@34f7234e {Lnet/minecraft/world/entity/monster/Zombie;} {} {V}
[13srp2026 19:27:49.674] [main/DEBUG] [cpw.mods.modlauncher.TransformStore/MODLAUNCHER]: Adding transformer net.neoforged.neoforge.coremods.MethodRedirector@2257fadf to Target : cpw.mods.modlauncher.api.TargetType@34f7234e {Lnet/minecraft/world/entity/monster/ZombieVillager;} {} {V}
[13srp2026 19:27:49.674] [main/DEBUG] [cpw.mods.modlauncher.TransformStore/MODLAUNCHER]: Adding transformer net.neoforged.neoforge.coremods.MethodRedirector@2257fadf to Target : cpw.mods.modlauncher.api.TargetType@34f7234e {Lnet/minecraft/world/level/levelgen/structure/structures/OceanMonumentPieces$OceanMonumentPiece;} {} {V}
[13srp2026 19:27:49.674] [main/DEBUG] [cpw.mods.modlauncher.TransformStore/MODLAUNCHER]: Adding transformer net.neoforged.neoforge.coremods.MethodRedirector@2257fadf to Target : cpw.mods.modlauncher.api.TargetType@34f7234e {Lnet/minecraft/world/entity/monster/Evoker$EvokerSummonSpellGoal;} {} {V}
[13srp2026 19:27:49.674] [main/DEBUG] [cpw.mods.modlauncher.TransformStore/MODLAUNCHER]: Adding transformer net.neoforged.neoforge.coremods.MethodRedirector@2257fadf to Target : cpw.mods.modlauncher.api.TargetType@34f7234e {Lnet/minecraft/server/commands/RaidCommand;} {} {V}
[13srp2026 19:27:49.674] [main/DEBUG] [cpw.mods.modlauncher.TransformStore/MODLAUNCHER]: Adding transformer net.neoforged.neoforge.coremods.MethodRedirector@2257fadf to Target : cpw.mods.modlauncher.api.TargetType@34f7234e {Lnet/minecraft/world/entity/animal/frog/Tadpole;} {} {V}
[13srp2026 19:27:49.676] [main/DEBUG] [cpw.mods.modlauncher.TransformStore/MODLAUNCHER]: Adding transformer net.neoforged.neoforge.coremods.MethodRedirector@2257fadf to Target : cpw.mods.modlauncher.api.TargetType@34f7234e {Lnet/minecraft/world/level/levelgen/structure/templatesystem/StructureTemplate;} {} {V}
[13srp2026 19:27:49.676] [main/DEBUG] [cpw.mods.modlauncher.TransformStore/MODLAUNCHER]: Adding transformer net.neoforged.neoforge.coremods.MethodRedirector@2257fadf to Target : cpw.mods.modlauncher.api.TargetType@34f7234e {Lnet/minecraft/world/entity/EntityType;} {} {V}
[13srp2026 19:27:49.676] [main/DEBUG] [cpw.mods.modlauncher.TransformStore/MODLAUNCHER]: Adding transformer net.neoforged.neoforge.coremods.MethodRedirector@2257fadf to Target : cpw.mods.modlauncher.api.TargetType@34f7234e {Lnet/minecraft/world/entity/animal/horse/SkeletonTrapGoal;} {} {V}
[13srp2026 19:27:49.676] [main/DEBUG] [cpw.mods.modlauncher.TransformStore/MODLAUNCHER]: Adding transformer net.neoforged.neoforge.coremods.MethodRedirector@2257fadf to Target : cpw.mods.modlauncher.api.TargetType@34f7234e {Lnet/minecraft/world/entity/ai/village/VillageSiege;} {} {V}
[13srp2026 19:27:49.677] [main/DEBUG] [cpw.mods.modlauncher.TransformStore/MODLAUNCHER]: Adding transformer net.neoforged.neoforge.coremods.MethodRedirector@2257fadf to Target : cpw.mods.modlauncher.api.TargetType@34f7234e {Lnet/minecraft/world/entity/monster/Strider;} {} {V}
[13srp2026 19:27:49.678] [main/DEBUG] [cpw.mods.modlauncher.TransformStore/MODLAUNCHER]: Adding transformer net.neoforged.neoforge.coremods.MethodRedirector@2257fadf to Target : cpw.mods.modlauncher.api.TargetType@34f7234e {Lnet/minecraft/world/level/levelgen/structure/structures/SwampHutPiece;} {} {V}
[13srp2026 19:27:49.678] [main/DEBUG] [cpw.mods.modlauncher.TransformStore/MODLAUNCHER]: Adding transformer net.neoforged.neoforge.coremods.MethodRedirector@2257fadf to Target : cpw.mods.modlauncher.api.TargetType@34f7234e {Lnet/minecraft/world/level/levelgen/structure/structures/OceanRuinPieces$OceanRuinPiece;} {} {V}
[13srp2026 19:27:49.678] [main/DEBUG] [cpw.mods.modlauncher.TransformStore/MODLAUNCHER]: Adding transformer net.neoforged.neoforge.coremods.MethodRedirector@2257fadf to Target : cpw.mods.modlauncher.api.TargetType@34f7234e {Lnet/minecraft/world/level/levelgen/PatrolSpawner;} {} {V}
[13srp2026 19:27:49.678] [main/DEBUG] [cpw.mods.modlauncher.TransformationServiceDecorator/MODLAUNCHER]: Initialized transformers for transformation service fml
[13srp2026 19:27:50.308] [main/DEBUG] [mixin/]: Processing prepare() for PlatformAgent[MixinPlatformAgentDefault:ModLauncher Root Container(ModLauncher:4f56a0a2)]
[13srp2026 19:27:50.309] [main/DEBUG] [mixin/]: Processing prepare() for PlatformAgent[MixinPlatformAgentDefault:net.neoforged.fml.loading.mixin.FMLMixinContainerHandle@2f61f937]
[13srp2026 19:27:50.311] [main/DEBUG] [mixin/]: Processing prepare() for PlatformAgent[FMLMixinPlatformAgent:null]
[13srp2026 19:27:50.417] [main/DEBUG] [mixin/]: Compatibility level JAVA_17 specified by geckolib.mixins.json is higher than the maximum level supported by this version of mixin (JAVA_13).
[13srp2026 19:27:50.432] [main/INFO] [mixin/]: Compatibility level set to JAVA_17
[13srp2026 19:27:50.442] [main/DEBUG] [mixin/]: Processing launch tasks for PlatformAgent[MixinPlatformAgentDefault:ModLauncher Root Container(ModLauncher:4f56a0a2)]
[13srp2026 19:27:50.442] [main/DEBUG] [mixin/]: Adding mixin platform agents for container SecureJarResource(mixin_synthetic)
[13srp2026 19:27:50.442] [main/DEBUG] [mixin/]: Instancing new MixinPlatformAgentMinecraftForge for SecureJarResource(mixin_synthetic)
[13srp2026 19:27:50.444] [main/DEBUG] [mixin/]: MixinPlatformAgentMinecraftForge rejected container SecureJarResource(mixin_synthetic)
[13srp2026 19:27:50.445] [main/DEBUG] [mixin/]: Instancing new MixinPlatformAgentDefault for SecureJarResource(mixin_synthetic)
[13srp2026 19:27:50.445] [main/DEBUG] [mixin/]: MixinPlatformAgentDefault accepted container SecureJarResource(mixin_synthetic)
[13srp2026 19:27:50.445] [main/DEBUG] [mixin/]: Instancing new FMLMixinPlatformAgent for SecureJarResource(mixin_synthetic)
[13srp2026 19:27:50.445] [main/DEBUG] [mixin/]: FMLMixinPlatformAgent rejected container SecureJarResource(mixin_synthetic)
[13srp2026 19:27:50.445] [main/DEBUG] [mixin/]: Processing prepare() for PlatformAgent[MixinPlatformAgentDefault:SecureJarResource(mixin_synthetic)]
[13srp2026 19:27:50.445] [main/DEBUG] [mixin/]: Adding mixin platform agents for container SecureJarResource(minecraft)
[13srp2026 19:27:50.445] [main/DEBUG] [mixin/]: Instancing new MixinPlatformAgentMinecraftForge for SecureJarResource(minecraft)
[13srp2026 19:27:50.445] [main/DEBUG] [mixin/]: MixinPlatformAgentMinecraftForge rejected container SecureJarResource(minecraft)
[13srp2026 19:27:50.445] [main/DEBUG] [mixin/]: Instancing new MixinPlatformAgentDefault for SecureJarResource(minecraft)
[13srp2026 19:27:50.445] [main/DEBUG] [mixin/]: MixinPlatformAgentDefault accepted container SecureJarResource(minecraft)
[13srp2026 19:27:50.445] [main/DEBUG] [mixin/]: Instancing new FMLMixinPlatformAgent for SecureJarResource(minecraft)
[13srp2026 19:27:50.445] [main/DEBUG] [mixin/]: FMLMixinPlatformAgent rejected container SecureJarResource(minecraft)
[13srp2026 19:27:50.445] [main/DEBUG] [mixin/]: Processing prepare() for PlatformAgent[MixinPlatformAgentDefault:SecureJarResource(minecraft)]
[13srp2026 19:27:50.446] [main/DEBUG] [mixin/]: Adding mixin platform agents for container SecureJarResource(geckolib)
[13srp2026 19:27:50.446] [main/DEBUG] [mixin/]: Instancing new MixinPlatformAgentMinecraftForge for SecureJarResource(geckolib)
[13srp2026 19:27:50.446] [main/DEBUG] [mixin/]: MixinPlatformAgentMinecraftForge rejected container SecureJarResource(geckolib)
[13srp2026 19:27:50.446] [main/DEBUG] [mixin/]: Instancing new MixinPlatformAgentDefault for SecureJarResource(geckolib)
[13srp2026 19:27:50.446] [main/DEBUG] [mixin/]: MixinPlatformAgentDefault accepted container SecureJarResource(geckolib)
[13srp2026 19:27:50.446] [main/DEBUG] [mixin/]: Instancing new FMLMixinPlatformAgent for SecureJarResource(geckolib)
[13srp2026 19:27:50.446] [main/DEBUG] [mixin/]: FMLMixinPlatformAgent rejected container SecureJarResource(geckolib)
[13srp2026 19:27:50.446] [main/DEBUG] [mixin/]: Processing prepare() for PlatformAgent[MixinPlatformAgentDefault:SecureJarResource(geckolib)]
[13srp2026 19:27:50.446] [main/DEBUG] [mixin/]: Registering mixin config: geckolib.mixins.json source=SecureJarResource(geckolib)
[13srp2026 19:27:50.446] [main/DEBUG] [mixin/]: Adding mixin platform agents for container SecureJarResource(apolinumarise)
[13srp2026 19:27:50.446] [main/DEBUG] [mixin/]: Instancing new MixinPlatformAgentMinecraftForge for SecureJarResource(apolinumarise)
[13srp2026 19:27:50.446] [main/DEBUG] [mixin/]: MixinPlatformAgentMinecraftForge rejected container SecureJarResource(apolinumarise)
[13srp2026 19:27:50.446] [main/DEBUG] [mixin/]: Instancing new MixinPlatformAgentDefault for SecureJarResource(apolinumarise)
[13srp2026 19:27:50.446] [main/DEBUG] [mixin/]: MixinPlatformAgentDefault accepted container SecureJarResource(apolinumarise)
[13srp2026 19:27:50.446] [main/DEBUG] [mixin/]: Instancing new FMLMixinPlatformAgent for SecureJarResource(apolinumarise)
[13srp2026 19:27:50.447] [main/DEBUG] [mixin/]: FMLMixinPlatformAgent rejected container SecureJarResource(apolinumarise)
[13srp2026 19:27:50.447] [main/DEBUG] [mixin/]: Processing prepare() for PlatformAgent[MixinPlatformAgentDefault:SecureJarResource(apolinumarise)]
[13srp2026 19:27:50.447] [main/DEBUG] [mixin/]: Adding mixin platform agents for container SecureJarResource(mixinextras.neoforge)
[13srp2026 19:27:50.447] [main/DEBUG] [mixin/]: Instancing new MixinPlatformAgentMinecraftForge for SecureJarResource(mixinextras.neoforge)
[13srp2026 19:27:50.448] [main/DEBUG] [mixin/]: MixinPlatformAgentMinecraftForge rejected container SecureJarResource(mixinextras.neoforge)
[13srp2026 19:27:50.448] [main/DEBUG] [mixin/]: Instancing new MixinPlatformAgentDefault for SecureJarResource(mixinextras.neoforge)
[13srp2026 19:27:50.448] [main/DEBUG] [mixin/]: MixinPlatformAgentDefault accepted container SecureJarResource(mixinextras.neoforge)
[13srp2026 19:27:50.449] [main/DEBUG] [mixin/]: Instancing new FMLMixinPlatformAgent for SecureJarResource(mixinextras.neoforge)
[13srp2026 19:27:50.450] [main/DEBUG] [mixin/]: FMLMixinPlatformAgent rejected container SecureJarResource(mixinextras.neoforge)
[13srp2026 19:27:50.450] [main/DEBUG] [mixin/]: Processing prepare() for PlatformAgent[MixinPlatformAgentDefault:SecureJarResource(mixinextras.neoforge)]
[13srp2026 19:27:50.450] [main/DEBUG] [mixin/]: Registering mixin config: mixinextras.init.mixins.json source=SecureJarResource(mixinextras.neoforge)
[13srp2026 19:27:50.453] [main/DEBUG] [mixin/]: inject() running with 7 agents
[13srp2026 19:27:50.454] [main/DEBUG] [mixin/]: Processing inject() for PlatformAgent[MixinPlatformAgentDefault:ModLauncher Root Container(ModLauncher:4f56a0a2)]
[13srp2026 19:27:50.455] [main/DEBUG] [mixin/]: Processing inject() for PlatformAgent[MixinPlatformAgentDefault:net.neoforged.fml.loading.mixin.FMLMixinContainerHandle@2f61f937]
[13srp2026 19:27:50.455] [main/DEBUG] [mixin/]: Processing inject() for PlatformAgent[FMLMixinPlatformAgent:null]
[13srp2026 19:27:50.455] [main/DEBUG] [mixin/]: Processing inject() for PlatformAgent[MixinPlatformAgentDefault:SecureJarResource(mixin_synthetic)]
[13srp2026 19:27:50.455] [main/DEBUG] [mixin/]: Processing inject() for PlatformAgent[MixinPlatformAgentDefault:SecureJarResource(minecraft)]
[13srp2026 19:27:50.455] [main/DEBUG] [mixin/]: Processing inject() for PlatformAgent[MixinPlatformAgentDefault:SecureJarResource(geckolib)]
[13srp2026 19:27:50.456] [main/DEBUG] [mixin/]: Processing inject() for PlatformAgent[MixinPlatformAgentDefault:SecureJarResource(apolinumarise)]
[13srp2026 19:27:50.456] [main/DEBUG] [mixin/]: Processing inject() for PlatformAgent[MixinPlatformAgentDefault:SecureJarResource(mixinextras.neoforge)]
[13srp2026 19:27:50.457] [main/INFO] [cpw.mods.modlauncher.LaunchServiceHandler/MODLAUNCHER]: Launching target 'forgeclientdev' with arguments [--version, 21.1.238, --gameDir, ., --assetsDir, C:\Users\maste\.gradle\caches\neoformruntime\assets, --assetIndex, 17, --username, Dev2]
[13srp2026 19:27:50.673] [main/DEBUG] [mixin/]: Preparing mixins for MixinEnvironment[DEFAULT]
[13srp2026 19:27:50.675] [main/DEBUG] [mixin/]: Selecting config geckolib.mixins.json
[13srp2026 19:27:50.691] [main/WARN] [mixin/]: Reference map 'geckolib.refmap.json' for geckolib.mixins.json could not be read. If this is a development environment you can ignore this message
[13srp2026 19:27:50.692] [main/DEBUG] [mixin/]: Selecting config neoforge.mixins.json
[13srp2026 19:27:50.693] [main/DEBUG] [mixin/]: Selecting config mixinextras.init.mixins.json
[13srp2026 19:27:50.855] [main/DEBUG] [MixinExtras|Service/]: com.llamalad7.mixinextras.service.MixinExtrasServiceImpl(version=0.5.3) is taking over from null
[13srp2026 19:27:50.920] [main/DEBUG] [mixin/]: Registering new injector for @Inject with org.spongepowered.asm.mixin.injection.struct.CallbackInjectionInfo
[13srp2026 19:27:50.923] [main/DEBUG] [mixin/]: Registering new injector for @ModifyArg with org.spongepowered.asm.mixin.injection.struct.ModifyArgInjectionInfo
[13srp2026 19:27:50.924] [main/DEBUG] [mixin/]: Registering new injector for @ModifyArgs with org.spongepowered.asm.mixin.injection.struct.ModifyArgsInjectionInfo
[13srp2026 19:27:50.926] [main/DEBUG] [mixin/]: Registering new injector for @Redirect with org.spongepowered.asm.mixin.injection.struct.RedirectInjectionInfo
[13srp2026 19:27:50.932] [main/DEBUG] [mixin/]: Registering new injector for @ModifyVariable with org.spongepowered.asm.mixin.injection.struct.ModifyVariableInjectionInfo
[13srp2026 19:27:50.935] [main/DEBUG] [mixin/]: Registering new injector for @ModifyConstant with org.spongepowered.asm.mixin.injection.struct.ModifyConstantInjectionInfo
[13srp2026 19:27:50.973] [main/DEBUG] [mixin/]: Preparing geckolib.mixins.json (7)
[13srp2026 19:27:51.180] [main/DEBUG] [mixin/]: Preparing neoforge.mixins.json (2)
[13srp2026 19:27:51.196] [main/DEBUG] [mixin/]: Preparing mixinextras.init.mixins.json (0)
[13srp2026 19:27:51.228] [main/DEBUG] [mixin/]: Prepared 9 mixins in 0,547 sec (60,8ms avg) (0ms load, 0ms transform, 0ms plugin)
[13srp2026 19:27:51.522] [main/DEBUG] [io.netty.util.internal.logging.InternalLoggerFactory/]: Using SLF4J as the default logging framework
[13srp2026 19:27:51.535] [main/DEBUG] [io.netty.util.ResourceLeakDetector/]: -Dio.netty.leakDetection.level: simple
[13srp2026 19:27:51.535] [main/DEBUG] [io.netty.util.ResourceLeakDetector/]: -Dio.netty.leakDetection.targetRecords: 4
[13srp2026 19:27:53.004] [main/DEBUG] [oshi.util.FileUtil/]: No oshi.properties file found from ClassLoader cpw.mods.modlauncher.TransformingClassLoader@bb9ab64
[13srp2026 19:27:53.418] [main/DEBUG] [oshi.util.FileUtil/]: No oshi.architecture.properties file found from ClassLoader cpw.mods.modlauncher.TransformingClassLoader@bb9ab64
[13srp2026 19:27:53.561] [Datafixer Bootstrap/INFO] [com.mojang.datafixers.DataFixerBuilder/]: 229 Datafixer optimizations took 601 milliseconds
[13srp2026 19:27:53.601] [pool-8-thread-1/INFO] [MixinExtras|Service/]: Initializing MixinExtras via com.llamalad7.mixinextras.service.MixinExtrasServiceImpl(version=0.5.3).
[13srp2026 19:27:53.602] [pool-8-thread-1/DEBUG] [mixin/]: Registering new injector for @SugarWrapper with com.llamalad7.mixinextras.sugar.impl.SugarWrapperInjectionInfo
[13srp2026 19:27:53.603] [pool-8-thread-1/DEBUG] [mixin/]: Registering new injector for @FactoryRedirectWrapper with com.llamalad7.mixinextras.wrapper.factory.FactoryRedirectWrapperInjectionInfo
[13srp2026 19:27:53.603] [pool-8-thread-1/DEBUG] [mixin/]: Registering new injector for @ExpressionInjectorWrapper with com.llamalad7.mixinextras.expression.impl.wrapper.ExpressionInjectorWrapperInjectionInfo
[13srp2026 19:27:53.636] [pool-8-thread-1/DEBUG] [mixin/]: Mixing MappedRegistryAccessor from neoforge.mixins.json into net.minecraft.core.MappedRegistry
[13srp2026 19:27:53.643] [pool-8-thread-1/DEBUG] [mixin/]: neoforge.mixins.json:MappedRegistryAccessor from mod neoforge: Class version 65 required is higher than the class version supported by the current version of Mixin (JAVA_17 supports class version 61)
[13srp2026 19:27:54.195] [pool-8-thread-1/DEBUG] [mixin/]: Mixing common.LivingEntityMixin from geckolib.mixins.json into net.minecraft.world.entity.LivingEntity
[13srp2026 19:27:54.247] [pool-8-thread-1/DEBUG] [mixin/]: geckolib.mixins.json:common.LivingEntityMixin from mod geckolib: Class version 65 required is higher than the class version supported by the current version of Mixin (JAVA_17 supports class version 61)
[13srp2026 19:27:56.267] [pool-8-thread-1/DEBUG] [mixin/]: Mixing BlockEntityTypeAccessor from neoforge.mixins.json into net.minecraft.world.level.block.entity.BlockEntityType
[13srp2026 19:27:56.268] [pool-8-thread-1/DEBUG] [mixin/]: neoforge.mixins.json:BlockEntityTypeAccessor from mod neoforge: Class version 65 required is higher than the class version supported by the current version of Mixin (JAVA_17 supports class version 61)
[13srp2026 19:27:56.335] [pool-8-thread-1/DEBUG] [mixin/]: Mixing common.AbstractContainerMenuMixin from geckolib.mixins.json into net.minecraft.world.inventory.AbstractContainerMenu
[13srp2026 19:27:56.336] [pool-8-thread-1/DEBUG] [mixin/]: geckolib.mixins.json:common.AbstractContainerMenuMixin from mod geckolib: Class version 65 required is higher than the class version supported by the current version of Mixin (JAVA_17 supports class version 61)
[13srp2026 19:27:56.740] [pool-8-thread-1/DEBUG] [mixin/]: Mixing common.ItemStackMixin from geckolib.mixins.json into net.minecraft.world.item.ItemStack
[13srp2026 19:27:56.740] [pool-8-thread-1/DEBUG] [mixin/]: geckolib.mixins.json:common.ItemStackMixin from mod geckolib: Class version 65 required is higher than the class version supported by the current version of Mixin (JAVA_17 supports class version 61)
[13srp2026 19:27:59.114] [pool-8-thread-1/DEBUG] [io.netty.util.internal.PlatformDependent0/]: -Dio.netty.noUnsafe: false
[13srp2026 19:27:59.115] [pool-8-thread-1/DEBUG] [io.netty.util.internal.PlatformDependent0/]: Java version: 21
[13srp2026 19:27:59.121] [pool-8-thread-1/DEBUG] [io.netty.util.internal.PlatformDependent0/]: sun.misc.Unsafe.theUnsafe: available
[13srp2026 19:27:59.124] [pool-8-thread-1/DEBUG] [io.netty.util.internal.PlatformDependent0/]: sun.misc.Unsafe.copyMemory: available
[13srp2026 19:27:59.124] [pool-8-thread-1/DEBUG] [io.netty.util.internal.PlatformDependent0/]: sun.misc.Unsafe.storeFence: available
[13srp2026 19:27:59.126] [pool-8-thread-1/DEBUG] [io.netty.util.internal.PlatformDependent0/]: java.nio.Buffer.address: available
[13srp2026 19:27:59.127] [pool-8-thread-1/DEBUG] [io.netty.util.internal.PlatformDependent0/]: direct buffer constructor: unavailable: Reflective setAccessible(true) disabled
[13srp2026 19:27:59.129] [pool-8-thread-1/DEBUG] [io.netty.util.internal.PlatformDependent0/]: java.nio.Bits.unaligned: available, true
[13srp2026 19:27:59.134] [pool-8-thread-1/DEBUG] [io.netty.util.internal.PlatformDependent0/]: jdk.internal.misc.Unsafe.allocateUninitializedArray(int): unavailable: class io.netty.util.internal.PlatformDependent0$7 (in module io.netty.common) cannot access class jdk.internal.misc.Unsafe (in module java.base) because module java.base does not export jdk.internal.misc to module io.netty.common
[13srp2026 19:27:59.136] [pool-8-thread-1/DEBUG] [io.netty.util.internal.PlatformDependent0/]: java.nio.DirectByteBuffer.<init>(long, {int,long}): unavailable
[13srp2026 19:27:59.137] [pool-8-thread-1/DEBUG] [io.netty.util.internal.PlatformDependent/]: sun.misc.Unsafe: available
[13srp2026 19:27:59.139] [pool-8-thread-1/DEBUG] [io.netty.util.internal.PlatformDependent/]: maxDirectMemory: 8547991552 bytes (maybe)
[13srp2026 19:27:59.141] [pool-8-thread-1/DEBUG] [io.netty.util.internal.PlatformDependent/]: -Dio.netty.tmpdir: C:\Users\maste\AppData\Local\Temp (java.io.tmpdir)
[13srp2026 19:27:59.141] [pool-8-thread-1/DEBUG] [io.netty.util.internal.PlatformDependent/]: -Dio.netty.bitMode: 64 (sun.arch.data.model)
[13srp2026 19:27:59.141] [pool-8-thread-1/DEBUG] [io.netty.util.internal.PlatformDependent/]: Platform: Windows
[13srp2026 19:27:59.142] [pool-8-thread-1/DEBUG] [io.netty.util.internal.PlatformDependent/]: -Dio.netty.maxDirectMemory: -1 bytes
[13srp2026 19:27:59.142] [pool-8-thread-1/DEBUG] [io.netty.util.internal.PlatformDependent/]: -Dio.netty.uninitializedArrayAllocationThreshold: -1
[13srp2026 19:27:59.146] [pool-8-thread-1/DEBUG] [io.netty.util.internal.CleanerJava9/]: java.nio.ByteBuffer.cleaner(): available
[13srp2026 19:27:59.147] [pool-8-thread-1/DEBUG] [io.netty.util.internal.PlatformDependent/]: -Dio.netty.noPreferDirect: false
[13srp2026 19:28:01.927] [main/WARN] [net.minecraft.commands.Commands/]: Ambiguity between arguments [teleport, location] and [teleport, destination] with inputs: [0.1 -0.5 .9, 0 0 0]
[13srp2026 19:28:01.928] [main/WARN] [net.minecraft.commands.Commands/]: Ambiguity between arguments [teleport, location] and [teleport, targets] with inputs: [0.1 -0.5 .9, 0 0 0]
[13srp2026 19:28:01.931] [main/WARN] [net.minecraft.commands.Commands/]: Ambiguity between arguments [teleport, destination] and [teleport, targets] with inputs: [Player, 0123, @e, dd12be42-52a9-4a91-a8a1-11c01849e498]
[13srp2026 19:28:01.933] [main/WARN] [net.minecraft.commands.Commands/]: Ambiguity between arguments [teleport, targets] and [teleport, destination] with inputs: [Player, 0123, dd12be42-52a9-4a91-a8a1-11c01849e498]
[13srp2026 19:28:01.934] [main/WARN] [net.minecraft.commands.Commands/]: Ambiguity between arguments [teleport, targets, location] and [teleport, targets, destination] with inputs: [0.1 -0.5 .9, 0 0 0]
[13srp2026 19:28:02.090] [Render thread/WARN] [net.minecraft.server.packs.VanillaPackResourcesBuilder/]: Assets URL 'union:/C:/Users/maste/Desktop/Start/Projects/Apolinum%20Arise%201.21.1/build/moddev/artifacts/neoforge-21.1.238.jar%23189!/assets/.mcassetsroot' uses unexpected schema
[13srp2026 19:28:02.090] [Render thread/WARN] [net.minecraft.server.packs.VanillaPackResourcesBuilder/]: Assets URL 'union:/C:/Users/maste/Desktop/Start/Projects/Apolinum%20Arise%201.21.1/build/moddev/artifacts/neoforge-21.1.238.jar%23189!/data/.mcassetsroot' uses unexpected schema
[13srp2026 19:28:02.138] [Render thread/INFO] [com.mojang.authlib.yggdrasil.YggdrasilAuthenticationService/]: Environment: Environment[sessionHost=https://sessionserver.mojang.com, servicesHost=https://api.minecraftservices.com, name=PROD]
[13srp2026 19:28:02.153] [Render thread/INFO] [net.minecraft.client.Minecraft/]: Setting user: Dev2
[13srp2026 19:28:02.269] [Render thread/INFO] [net.minecraft.client.Minecraft/]: Backend library: LWJGL version 3.3.3+5
[13srp2026 19:28:02.546] [Render thread/DEBUG] [net.neoforged.fml.ModWorkManager/LOADING]: Using 20 threads for parallel mod-loading
[13srp2026 19:28:02.592] [Render thread/DEBUG] [net.neoforged.fml.javafmlmod.FMLModContainer/LOADING]: Creating FMLModContainer instance for [software.bernie.geckolib.GeckoLib]
[13srp2026 19:28:02.600] [Render thread/DEBUG] [net.neoforged.fml.javafmlmod.FMLModContainer/LOADING]: Creating FMLModContainer instance for [com.fiskerz.apolinum_arise.Apolinumarise, com.fiskerz.apolinum_arise.ApolinumariseClient]
[13srp2026 19:28:02.609] [Render thread/DEBUG] [net.neoforged.fml.javafmlmod.FMLModContainer/LOADING]: Creating FMLModContainer instance for [net.neoforged.neoforge.common.NeoForgeMod, net.neoforged.neoforge.client.ClientNeoForgeMod]
[13srp2026 19:28:02.658] [modloading-worker-0/DEBUG] [GeckoLib/]: Loaded software.bernie.geckolib.platform.GeckoLibNeoForge@16df98 for service interface software.bernie.geckolib.service.GeckoLibPlatform
[13srp2026 19:28:02.659] [modloading-worker-0/DEBUG] [GeckoLib/]: Loaded software.bernie.geckolib.network.GeckoLibNetworkingNeoForge@6a6c2894 for service interface software.bernie.geckolib.service.GeckoLibNetworking
[13srp2026 19:28:02.675] [modloading-worker-0/DEBUG] [net.neoforged.neoforge.internal.versions.neoforge.NeoForgeVersion/CORE]: Found NeoForge version 21.1.238
[13srp2026 19:28:02.676] [modloading-worker-0/DEBUG] [net.neoforged.neoforge.internal.versions.neoforge.NeoForgeVersion/CORE]: Found FML version 4.0.43
[13srp2026 19:28:02.676] [modloading-worker-0/INFO] [net.neoforged.neoforge.common.NeoForgeMod/NEOFORGE-MOD]: NeoForge mod loading, version 21.1.238, for MC 1.21.1
[13srp2026 19:28:02.677] [modloading-worker-0/DEBUG] [net.neoforged.fml.javafmlmod.AutomaticEventSubscriber/LOADING]: Attempting to inject @EventBusSubscriber classes into the eventbus for geckolib
[13srp2026 19:28:02.713] [modloading-worker-0/DEBUG] [net.neoforged.fml.config.ConfigTracker/CONFIG]: Config file neoforge-client.toml for neoforge tracking
[13srp2026 19:28:02.713] [modloading-worker-0/DEBUG] [net.neoforged.fml.config.ConfigTracker/CONFIG]: Config file neoforge-server.toml for neoforge tracking
[13srp2026 19:28:02.713] [modloading-worker-0/DEBUG] [net.neoforged.fml.config.ConfigTracker/CONFIG]: Config file neoforge-common.toml for neoforge tracking
[13srp2026 19:28:02.741] [modloading-worker-0/DEBUG] [net.neoforged.fml.config.ConfigTracker/CONFIG]: Config file apolinumarise-server.toml for apolinumarise tracking
[13srp2026 19:28:02.741] [modloading-worker-0/INFO] [com.fiskerz.apolinum_arise.Apolinumarise/]: Apolinum - arise! initialized
[13srp2026 19:28:02.774] [modloading-worker-0/DEBUG] [net.neoforged.fml.javafmlmod.AutomaticEventSubscriber/LOADING]: Attempting to inject @EventBusSubscriber classes into the eventbus for neoforge
[13srp2026 19:28:02.774] [modloading-worker-0/DEBUG] [net.neoforged.fml.javafmlmod.AutomaticEventSubscriber/LOADING]: Scanning class net.neoforged.neoforge.server.command.ConfigCommand for @SubscribeEvent-annotated methods
[13srp2026 19:28:02.777] [modloading-worker-0/DEBUG] [net.neoforged.fml.javafmlmod.AutomaticEventSubscriber/]: Subscribing @EventBusSubscriber class Lnet/neoforged/neoforge/server/command/ConfigCommand; to the game event bus
[13srp2026 19:28:02.779] [modloading-worker-0/DEBUG] [net.neoforged.fml.javafmlmod.AutomaticEventSubscriber/LOADING]: Scanning class net.neoforged.neoforge.network.filters.GenericPacketSplitter for @SubscribeEvent-annotated methods
[13srp2026 19:28:02.800] [modloading-worker-0/DEBUG] [net.neoforged.fml.javafmlmod.AutomaticEventSubscriber/LOADING]: Attempting to inject @EventBusSubscriber classes into the eventbus for apolinumarise
[13srp2026 19:28:02.807] [modloading-worker-0/DEBUG] [io.netty.buffer.AbstractByteBuf/]: -Dio.netty.buffer.checkAccessible: true
[13srp2026 19:28:02.807] [modloading-worker-0/DEBUG] [io.netty.buffer.AbstractByteBuf/]: -Dio.netty.buffer.checkBounds: true
[13srp2026 19:28:02.809] [modloading-worker-0/DEBUG] [io.netty.util.ResourceLeakDetectorFactory/]: Loaded default ResourceLeakDetector: io.netty.util.ResourceLeakDetector@3529a798
[13srp2026 19:28:02.820] [modloading-worker-0/DEBUG] [io.netty.util.internal.InternalThreadLocalMap/]: -Dio.netty.threadLocalMap.stringBuilder.initialSize: 1024
[13srp2026 19:28:02.821] [modloading-worker-0/DEBUG] [io.netty.util.internal.InternalThreadLocalMap/]: -Dio.netty.threadLocalMap.stringBuilder.maxSize: 4096
[13srp2026 19:28:02.827] [modloading-worker-0/DEBUG] [io.netty.buffer.PooledByteBufAllocator/]: -Dio.netty.allocator.numHeapArenas: 40
[13srp2026 19:28:02.828] [modloading-worker-0/DEBUG] [io.netty.buffer.PooledByteBufAllocator/]: -Dio.netty.allocator.numDirectArenas: 40
[13srp2026 19:28:02.828] [modloading-worker-0/DEBUG] [io.netty.buffer.PooledByteBufAllocator/]: -Dio.netty.allocator.pageSize: 8192
[13srp2026 19:28:02.828] [modloading-worker-0/DEBUG] [io.netty.buffer.PooledByteBufAllocator/]: -Dio.netty.allocator.maxOrder: 9
[13srp2026 19:28:02.828] [modloading-worker-0/DEBUG] [io.netty.buffer.PooledByteBufAllocator/]: -Dio.netty.allocator.chunkSize: 4194304
[13srp2026 19:28:02.828] [modloading-worker-0/DEBUG] [io.netty.buffer.PooledByteBufAllocator/]: -Dio.netty.allocator.smallCacheSize: 256
[13srp2026 19:28:02.828] [modloading-worker-0/DEBUG] [io.netty.buffer.PooledByteBufAllocator/]: -Dio.netty.allocator.normalCacheSize: 64
[13srp2026 19:28:02.828] [modloading-worker-0/DEBUG] [io.netty.buffer.PooledByteBufAllocator/]: -Dio.netty.allocator.maxCachedBufferCapacity: 32768
[13srp2026 19:28:02.828] [modloading-worker-0/DEBUG] [io.netty.buffer.PooledByteBufAllocator/]: -Dio.netty.allocator.cacheTrimInterval: 8192
[13srp2026 19:28:02.828] [modloading-worker-0/DEBUG] [io.netty.buffer.PooledByteBufAllocator/]: -Dio.netty.allocator.cacheTrimIntervalMillis: 0
[13srp2026 19:28:02.828] [modloading-worker-0/DEBUG] [io.netty.buffer.PooledByteBufAllocator/]: -Dio.netty.allocator.useCacheForAllThreads: false
[13srp2026 19:28:02.828] [modloading-worker-0/DEBUG] [io.netty.buffer.PooledByteBufAllocator/]: -Dio.netty.allocator.maxCachedByteBuffersPerChunk: 1023
[13srp2026 19:28:02.838] [modloading-worker-0/DEBUG] [io.netty.buffer.ByteBufUtil/]: -Dio.netty.allocator.type: pooled
[13srp2026 19:28:02.838] [modloading-worker-0/DEBUG] [io.netty.buffer.ByteBufUtil/]: -Dio.netty.threadLocalDirectBufferSize: 0
[13srp2026 19:28:02.838] [modloading-worker-0/DEBUG] [io.netty.buffer.ByteBufUtil/]: -Dio.netty.maxThreadLocalCharBufferSize: 16384
[13srp2026 19:28:02.846] [modloading-worker-0/DEBUG] [net.neoforged.fml.javafmlmod.AutomaticEventSubscriber/]: Subscribing @EventBusSubscriber class Lnet/neoforged/neoforge/network/filters/GenericPacketSplitter; to the mod event bus of mod neoforge
[13srp2026 19:28:02.849] [modloading-worker-0/DEBUG] [net.neoforged.fml.javafmlmod.AutomaticEventSubscriber/LOADING]: Scanning class net.neoforged.neoforge.network.NetworkInitialization for @SubscribeEvent-annotated methods
[13srp2026 19:28:02.851] [modloading-worker-0/DEBUG] [net.neoforged.fml.javafmlmod.AutomaticEventSubscriber/]: Subscribing @EventBusSubscriber class Lnet/neoforged/neoforge/network/NetworkInitialization; to the mod event bus of mod neoforge
[13srp2026 19:28:02.851] [modloading-worker-0/DEBUG] [net.neoforged.fml.javafmlmod.AutomaticEventSubscriber/LOADING]: Scanning class net.neoforged.neoforge.network.ConfigurationInitialization for @SubscribeEvent-annotated methods
[13srp2026 19:28:02.853] [modloading-worker-0/DEBUG] [net.neoforged.fml.javafmlmod.AutomaticEventSubscriber/]: Subscribing @EventBusSubscriber class Lnet/neoforged/neoforge/network/ConfigurationInitialization; to the mod event bus of mod neoforge
[13srp2026 19:28:02.855] [modloading-worker-0/DEBUG] [net.neoforged.fml.javafmlmod.AutomaticEventSubscriber/LOADING]: Scanning class net.neoforged.neoforge.common.MonsterRoomHooks for @SubscribeEvent-annotated methods
[13srp2026 19:28:02.856] [modloading-worker-0/DEBUG] [net.neoforged.fml.javafmlmod.AutomaticEventSubscriber/]: Subscribing @EventBusSubscriber class Lnet/neoforged/neoforge/common/MonsterRoomHooks; to the game event bus
[13srp2026 19:28:02.857] [modloading-worker-0/DEBUG] [net.neoforged.fml.javafmlmod.AutomaticEventSubscriber/LOADING]: Scanning class net.neoforged.neoforge.common.DeferredSpawnEggItem$CommonHandler for @SubscribeEvent-annotated methods
[13srp2026 19:28:02.858] [modloading-worker-0/DEBUG] [net.neoforged.fml.javafmlmod.AutomaticEventSubscriber/]: Subscribing @EventBusSubscriber class Lnet/neoforged/neoforge/common/DeferredSpawnEggItem$CommonHandler; to the mod event bus of mod neoforge
[13srp2026 19:28:02.858] [modloading-worker-0/DEBUG] [net.neoforged.fml.javafmlmod.AutomaticEventSubscriber/LOADING]: Scanning class net.neoforged.neoforge.common.DeferredSpawnEggItem$ColorRegisterHandler for @SubscribeEvent-annotated methods
[13srp2026 19:28:02.859] [modloading-worker-0/DEBUG] [net.neoforged.fml.javafmlmod.AutomaticEventSubscriber/]: Subscribing @EventBusSubscriber class Lnet/neoforged/neoforge/common/DeferredSpawnEggItem$ColorRegisterHandler; to the mod event bus of mod neoforge
[13srp2026 19:28:02.859] [modloading-worker-0/DEBUG] [net.neoforged.fml.javafmlmod.AutomaticEventSubscriber/LOADING]: Scanning class net.neoforged.neoforge.client.model.data.ModelDataManager for @SubscribeEvent-annotated methods
[13srp2026 19:28:02.863] [modloading-worker-0/DEBUG] [net.neoforged.fml.javafmlmod.AutomaticEventSubscriber/]: Subscribing @EventBusSubscriber class Lnet/neoforged/neoforge/client/model/data/ModelDataManager; to the game event bus
[13srp2026 19:28:02.863] [modloading-worker-0/DEBUG] [net.neoforged.fml.javafmlmod.AutomaticEventSubscriber/LOADING]: Scanning class net.neoforged.neoforge.client.ParticleBoundsDebugRenderer for @SubscribeEvent-annotated methods
[13srp2026 19:28:02.867] [modloading-worker-0/DEBUG] [net.neoforged.fml.javafmlmod.AutomaticEventSubscriber/]: Subscribing @EventBusSubscriber class Lnet/neoforged/neoforge/client/ParticleBoundsDebugRenderer; to the game event bus
[13srp2026 19:28:02.868] [modloading-worker-0/DEBUG] [net.neoforged.fml.javafmlmod.AutomaticEventSubscriber/LOADING]: Scanning class net.neoforged.neoforge.client.ClientHooks$ClientEvents for @SubscribeEvent-annotated methods
[13srp2026 19:28:02.873] [modloading-worker-0/DEBUG] [net.neoforged.fml.javafmlmod.AutomaticEventSubscriber/]: Subscribing @EventBusSubscriber class Lnet/neoforged/neoforge/client/ClientHooks$ClientEvents; to the mod event bus of mod neoforge
[13srp2026 19:28:02.874] [modloading-worker-0/DEBUG] [net.neoforged.fml.javafmlmod.AutomaticEventSubscriber/LOADING]: Scanning class net.neoforged.neoforge.client.BlockEntityRenderBoundsDebugRenderer for @SubscribeEvent-annotated methods
[13srp2026 19:28:02.875] [modloading-worker-0/DEBUG] [net.neoforged.fml.javafmlmod.AutomaticEventSubscriber/]: Subscribing @EventBusSubscriber class Lnet/neoforged/neoforge/client/BlockEntityRenderBoundsDebugRenderer; to the game event bus
[13srp2026 19:28:02.876] [modloading-worker-0/DEBUG] [net.neoforged.fml.javafmlmod.AutomaticEventSubscriber/LOADING]: Scanning class net.neoforged.neoforge.attachment.AttachmentSync for @SubscribeEvent-annotated methods
[13srp2026 19:28:02.880] [modloading-worker-0/DEBUG] [net.neoforged.fml.javafmlmod.AutomaticEventSubscriber/]: Subscribing @EventBusSubscriber class Lnet/neoforged/neoforge/attachment/AttachmentSync; to the game event bus
[13srp2026 19:28:02.881] [modloading-worker-0/DEBUG] [net.neoforged.fml.javafmlmod.AutomaticEventSubscriber/LOADING]: Scanning class net.neoforged.neoforge.attachment.AttachmentInternals for @SubscribeEvent-annotated methods
[13srp2026 19:28:02.882] [modloading-worker-0/DEBUG] [net.neoforged.fml.javafmlmod.AutomaticEventSubscriber/]: Subscribing @EventBusSubscriber class Lnet/neoforged/neoforge/attachment/AttachmentInternals; to the game event bus
[13srp2026 19:28:03.061] [modloading-sync-worker/DEBUG] [net.neoforged.fml.config.ConfigTracker/CONFIG]: Loading configs type CLIENT
[13srp2026 19:28:03.075] [modloading-sync-worker/DEBUG] [net.neoforged.neoforge.common.NeoForgeConfig/FORGEMOD]: Loaded NeoForge config file neoforge-client.toml
[13srp2026 19:28:03.076] [modloading-sync-worker/DEBUG] [net.neoforged.fml.config.ConfigTracker/CONFIG]: Loaded TOML config file C:\Users\maste\Desktop\Start\Projects\Apolinum Arise 1.21.1\run-client2\config\neoforge-client.toml
[13srp2026 19:28:03.081] [modloading-sync-worker/DEBUG] [net.neoforged.fml.config.ConfigTracker/CONFIG]: Watching TOML config file C:\Users\maste\Desktop\Start\Projects\Apolinum Arise 1.21.1\run-client2\config\neoforge-client.toml for changes
[13srp2026 19:28:03.081] [modloading-sync-worker/DEBUG] [net.neoforged.fml.config.ConfigTracker/CONFIG]: Loading configs type COMMON
[13srp2026 19:28:03.083] [modloading-sync-worker/DEBUG] [net.neoforged.neoforge.common.NeoForgeConfig/FORGEMOD]: Loaded NeoForge config file neoforge-common.toml
[13srp2026 19:28:03.083] [modloading-sync-worker/DEBUG] [net.neoforged.fml.config.ConfigTracker/CONFIG]: Loaded TOML config file C:\Users\maste\Desktop\Start\Projects\Apolinum Arise 1.21.1\run-client2\config\neoforge-common.toml
[13srp2026 19:28:03.083] [modloading-sync-worker/DEBUG] [net.neoforged.fml.config.ConfigTracker/CONFIG]: Watching TOML config file C:\Users\maste\Desktop\Start\Projects\Apolinum Arise 1.21.1\run-client2\config\neoforge-common.toml for changes
[13srp2026 19:28:03.157] [Render thread/DEBUG] [mixin/]: Mixing client.TextureManagerMixin from geckolib.mixins.json into net.minecraft.client.renderer.texture.TextureManager
[13srp2026 19:28:03.157] [Render thread/DEBUG] [mixin/]: geckolib.mixins.json:client.TextureManagerMixin from mod geckolib: Class version 65 required is higher than the class version supported by the current version of Mixin (JAVA_17 supports class version 61)
[13srp2026 19:28:03.294] [Render thread/DEBUG] [mixin/]: Mixing client.LevelRendererMixin from geckolib.mixins.json into net.minecraft.client.renderer.LevelRenderer
[13srp2026 19:28:03.294] [Render thread/DEBUG] [mixin/]: geckolib.mixins.json:client.LevelRendererMixin from mod geckolib: Class version 65 required is higher than the class version supported by the current version of Mixin (JAVA_17 supports class version 61)
[13srp2026 19:28:03.295] [Render thread/DEBUG] [mixin/]: Renaming synthetic method lambda$geckolib$captureRenderedEntities$0(I)D to md20172a$geckolib$lambda$geckolib$captureRenderedEntities$0$0 in geckolib.mixins.json:client.LevelRendererMixin from mod geckolib
[13srp2026 19:28:03.317] [Render thread/DEBUG] [mixin/]: geckolib.mixins.json:client.LevelRendererMixin from mod geckolib->@Inject::geckolib$captureRenderedEntities(Lnet/minecraft/client/DeltaTracker;ZLnet/minecraft/client/Camera;Lnet/minecraft/client/renderer/GameRenderer;Lnet/minecraft/client/renderer/LightTexture;Lorg/joml/Matrix4f;Lorg/joml/Matrix4f;Lorg/spongepowered/asm/mixin/injection/callback/CallbackInfo;)V doesn't use it's CallbackInfo
[13srp2026 19:28:03.318] [Render thread/DEBUG] [mixin/]: geckolib.mixins.json:client.LevelRendererMixin from mod geckolib->@Inject::geckolib$captureRenderedEntities(Lnet/minecraft/client/DeltaTracker;ZLnet/minecraft/client/Camera;Lnet/minecraft/client/renderer/GameRenderer;Lnet/minecraft/client/renderer/LightTexture;Lorg/joml/Matrix4f;Lorg/joml/Matrix4f;Lorg/spongepowered/asm/mixin/injection/callback/CallbackInfo;)V has 0 override(s) in child classes
[13srp2026 19:28:03.318] [Render thread/DEBUG] [mixin/]: geckolib.mixins.json:client.LevelRendererMixin from mod geckolib->@Inject::geckolib$captureRenderedEntities(Lnet/minecraft/client/DeltaTracker;ZLnet/minecraft/client/Camera;Lnet/minecraft/client/renderer/GameRenderer;Lnet/minecraft/client/renderer/LightTexture;Lorg/joml/Matrix4f;Lorg/joml/Matrix4f;Lorg/spongepowered/asm/mixin/injection/callback/CallbackInfo;)V won't be passed a CallbackInfo as a result
[13srp2026 19:28:03.408] [Render thread/DEBUG] [mixin/]: Mixing client.BlockEntityWithoutLevelRendererMixin from geckolib.mixins.json into net.minecraft.client.renderer.BlockEntityWithoutLevelRenderer
[13srp2026 19:28:03.409] [Render thread/DEBUG] [mixin/]: geckolib.mixins.json:client.BlockEntityWithoutLevelRendererMixin from mod geckolib: Class version 65 required is higher than the class version supported by the current version of Mixin (JAVA_17 supports class version 61)
[13srp2026 19:28:03.414] [Render thread/DEBUG] [mixin/]: geckolib.mixins.json:client.BlockEntityWithoutLevelRendererMixin from mod geckolib->@Inject::geckolib$renderGeckolibItem(Lnet/minecraft/world/item/ItemStack;Lnet/minecraft/world/item/ItemDisplayContext;Lcom/mojang/blaze3d/vertex/PoseStack;Lnet/minecraft/client/renderer/MultiBufferSource;IILorg/spongepowered/asm/mixin/injection/callback/CallbackInfo;)V does use it's CallbackInfo
[13srp2026 19:28:03.673] [Render thread/INFO] [net.neoforged.neoforge.gametest.GameTestHooks/]: Enabled Gametest Namespaces: []
[13srp2026 19:28:03.772] [Render thread/DEBUG] [mixin/]: Mixing client.HumanoidArmorLayerMixin from geckolib.mixins.json into net.minecraft.client.renderer.entity.layers.HumanoidArmorLayer
[13srp2026 19:28:03.773] [Render thread/DEBUG] [mixin/]: geckolib.mixins.json:client.HumanoidArmorLayerMixin from mod geckolib: Class version 65 required is higher than the class version supported by the current version of Mixin (JAVA_17 supports class version 61)
[13srp2026 19:28:04.003] [Render thread/INFO] [net.minecraft.server.packs.resources.ReloadableResourceManager/]: Reloading ResourceManager: vanilla, mod_resources, mod/geckolib, mod/apolinumarise, mod/neoforge
[13srp2026 19:28:04.109] [Render thread/DEBUG] [net.neoforged.fml.DeferredWorkQueue/LOADING]: Dispatching synchronous work for work queue Common setup: 1 jobs
[13srp2026 19:28:04.115] [Render thread/DEBUG] [net.neoforged.fml.DeferredWorkQueue/LOADING]: Synchronous work queue completed in 3.843 ms
[13srp2026 19:28:05.049] [Worker-Main-18/INFO] [net.minecraft.client.gui.font.providers.UnihexProvider/]: Found unifont_all_no_pua-15.1.05.hex, loading
[13srp2026 19:28:05.159] [Worker-Main-15/INFO] [net.minecraft.client.gui.font.providers.UnihexProvider/]: Found unifont_jp_patch-15.1.05.hex, loading
[13srp2026 19:28:10.733] [Worker-Main-7/WARN] [net.minecraft.client.resources.model.ModelManager/]: Missing textures in model apolinumarise:skill_book#inventory:
    minecraft:textures/atlas/blocks.png:apolinumarise:item/skill_book
[13srp2026 19:28:11.060] [Render thread/WARN] [net.minecraft.client.sounds.SoundEngine/]: Missing sound for event: minecraft:item.goat_horn.play
[13srp2026 19:28:11.061] [Render thread/WARN] [net.minecraft.client.sounds.SoundEngine/]: Missing sound for event: minecraft:entity.goat.screaming.horn_break
[13srp2026 19:28:11.161] [Render thread/INFO] [com.mojang.blaze3d.audio.Library/]: OpenAL initialized on device OpenAL Soft on Reproduktory (2 - Realtek(R) Audio)
[13srp2026 19:28:11.163] [Render thread/INFO] [net.minecraft.client.sounds.SoundEngine/SOUNDS]: Sound engine started
[13srp2026 19:28:11.329] [Render thread/INFO] [net.minecraft.client.renderer.texture.TextureAtlas/]: Created: 1024x512x4 minecraft:textures/atlas/blocks.png-atlas
[13srp2026 19:28:11.346] [Render thread/INFO] [net.minecraft.client.renderer.texture.TextureAtlas/]: Created: 256x256x4 minecraft:textures/atlas/signs.png-atlas
[13srp2026 19:28:11.347] [Render thread/INFO] [net.minecraft.client.renderer.texture.TextureAtlas/]: Created: 512x512x4 minecraft:textures/atlas/shield_patterns.png-atlas
[13srp2026 19:28:11.349] [Render thread/INFO] [net.minecraft.client.renderer.texture.TextureAtlas/]: Created: 512x512x4 minecraft:textures/atlas/banner_patterns.png-atlas
[13srp2026 19:28:11.350] [Render thread/INFO] [net.minecraft.client.renderer.texture.TextureAtlas/]: Created: 1024x1024x4 minecraft:textures/atlas/armor_trims.png-atlas
[13srp2026 19:28:11.358] [Render thread/INFO] [net.minecraft.client.renderer.texture.TextureAtlas/]: Created: 256x256x4 minecraft:textures/atlas/chest.png-atlas
[13srp2026 19:28:11.359] [Render thread/INFO] [net.minecraft.client.renderer.texture.TextureAtlas/]: Created: 128x64x4 minecraft:textures/atlas/decorated_pot.png-atlas
[13srp2026 19:28:11.359] [Render thread/INFO] [net.minecraft.client.renderer.texture.TextureAtlas/]: Created: 512x256x4 minecraft:textures/atlas/shulker_boxes.png-atlas
[13srp2026 19:28:11.360] [Render thread/INFO] [net.minecraft.client.renderer.texture.TextureAtlas/]: Created: 512x256x4 minecraft:textures/atlas/beds.png-atlas
[13srp2026 19:28:11.486] [Render thread/INFO] [net.minecraft.client.renderer.texture.TextureAtlas/]: Created: 512x256x0 minecraft:textures/atlas/particles.png-atlas
[13srp2026 19:28:11.488] [Render thread/INFO] [net.minecraft.client.renderer.texture.TextureAtlas/]: Created: 512x256x0 minecraft:textures/atlas/paintings.png-atlas
[13srp2026 19:28:11.489] [Render thread/INFO] [net.minecraft.client.renderer.texture.TextureAtlas/]: Created: 256x128x0 minecraft:textures/atlas/mob_effects.png-atlas
[13srp2026 19:28:11.489] [Render thread/INFO] [net.minecraft.client.renderer.texture.TextureAtlas/]: Created: 64x64x0 minecraft:textures/atlas/map_decorations.png-atlas
[13srp2026 19:28:11.490] [Render thread/INFO] [net.minecraft.client.renderer.texture.TextureAtlas/]: Created: 1024x512x0 minecraft:textures/atlas/gui.png-atlas
[13srp2026 19:28:11.510] [Render thread/WARN] [net.minecraft.client.renderer.ShaderInstance/]: Shader rendertype_entity_translucent_emissive could not find sampler named Sampler2 in the specified shader program.
[13srp2026 19:28:11.574] [Render thread/INFO] [net.neoforged.neoforge.client.entity.animation.json.AnimationLoader/]: Loaded 0 entity animations
[13srp2026 19:28:37.670] [Render thread/DEBUG] [net.neoforged.neoforge.network.DualStackUtils/]: Detected IPv6 address: "0:0:0:0:0:0:0:0"
[13srp2026 19:28:38.630] [LanServerDetector #1/DEBUG] [net.neoforged.neoforge.network.DualStackUtils/]: Detected IPv6 address: "fe80:0:0:0:d8d8:af74:f3c8:2b5%5"
[13srp2026 19:28:40.131] [LanServerDetector #1/DEBUG] [net.neoforged.neoforge.network.DualStackUtils/]: Detected IPv6 address: "fe80:0:0:0:d8d8:af74:f3c8:2b5%5"
[13srp2026 19:28:40.131] [LanServerDetector #2/DEBUG] [net.neoforged.neoforge.network.DualStackUtils/]: Detected IPv6 address: "fe80:0:0:0:d8d8:af74:f3c8:2b5%5"
[13srp2026 19:28:41.213] [Render thread/INFO] [net.minecraft.client.gui.screens.ConnectScreen/]: Connecting to fe80::d8d8:af74:f3c8:2b5, 13981
[13srp2026 19:28:41.513] [Server Connector #1/DEBUG] [net.neoforged.neoforge.network.DualStackUtils/]: Detected IPv6 address: "fe80:0:0:0:d8d8:af74:f3c8:2b5"
[13srp2026 19:28:41.521] [Server Connector #1/DEBUG] [io.netty.channel.MultithreadEventLoopGroup/]: -Dio.netty.eventLoopThreads: 40
[13srp2026 19:28:41.526] [Server Connector #1/DEBUG] [io.netty.util.concurrent.GlobalEventExecutor/]: -Dio.netty.globalEventExecutor.quietPeriodSeconds: 1
[13srp2026 19:28:41.532] [Server Connector #1/DEBUG] [io.netty.channel.nio.NioEventLoop/]: -Dio.netty.noKeySetOptimization: false
[13srp2026 19:28:41.533] [Server Connector #1/DEBUG] [io.netty.channel.nio.NioEventLoop/]: -Dio.netty.selectorAutoRebuildThreshold: 512
[13srp2026 19:28:41.536] [Server Connector #1/DEBUG] [io.netty.util.internal.PlatformDependent/]: org.jctools-core.MpscChunkedArrayQueue: available
[13srp2026 19:28:41.577] [Server Connector #1/DEBUG] [io.netty.channel.DefaultChannelId/]: -Dio.netty.processId: 9156 (auto-detected)
[13srp2026 19:28:41.577] [Server Connector #1/DEBUG] [io.netty.util.NetUtil/]: -Djava.net.preferIPv4Stack: false
[13srp2026 19:28:41.577] [Server Connector #1/DEBUG] [io.netty.util.NetUtil/]: -Djava.net.preferIPv6Addresses: true
[13srp2026 19:28:41.579] [Server Connector #1/DEBUG] [io.netty.util.NetUtilInitializations/]: Loopback interface: loopback_0 (Software Loopback Interface 1, 0:0:0:0:0:0:0:1)
[13srp2026 19:28:41.581] [Server Connector #1/DEBUG] [io.netty.util.NetUtil/]: Failed to get SOMAXCONN from sysctl and file \proc\sys\net\core\somaxconn. Default: 200
[13srp2026 19:28:41.582] [Server Connector #1/DEBUG] [io.netty.channel.DefaultChannelId/]: -Dio.netty.machineId: 74:56:3c:ff:fe:fc:27:42 (auto-detected)
[13srp2026 19:28:41.627] [Server Connector #1/DEBUG] [io.netty.util.Recycler/]: -Dio.netty.recycler.maxCapacityPerThread: 4096
[13srp2026 19:28:41.627] [Server Connector #1/DEBUG] [io.netty.util.Recycler/]: -Dio.netty.recycler.ratio: 8
[13srp2026 19:28:41.627] [Server Connector #1/DEBUG] [io.netty.util.Recycler/]: -Dio.netty.recycler.chunkSize: 32
[13srp2026 19:28:41.627] [Server Connector #1/DEBUG] [io.netty.util.Recycler/]: -Dio.netty.recycler.blocking: false
[13srp2026 19:28:41.627] [Server Connector #1/DEBUG] [io.netty.util.Recycler/]: -Dio.netty.recycler.batchFastThreadLocalOnly: true
[13srp2026 19:28:41.632] [LanServerDetector #2/DEBUG] [net.neoforged.neoforge.network.DualStackUtils/]: Detected IPv6 address: "fe80:0:0:0:d8d8:af74:f3c8:2b5%5"
[13srp2026 19:28:41.784] [IO-Worker-1/WARN] [net.minecraft.client.multiplayer.ClientHandshakePacketListenerImpl/]: Failed to log in: Invalid session (Try restarting your game and the launcher)
[13srp2026 19:28:42.086] [Netty Client IO #0/DEBUG] [net.neoforged.neoforge.network.filters.NetworkFilters/]: Injected net.neoforged.neoforge.network.filters.GenericPacketSplitter@7bee7ce0 into net.minecraft.network.Connection@3b9c1e39
[13srp2026 19:28:42.228] [Render thread/DEBUG] [net.neoforged.neoforge.common.NeoForgeConfig/FORGEMOD]: NeoForge config just got changed on the file system!
[13srp2026 19:28:43.179] [Render thread/INFO] [net.minecraft.advancements.AdvancementTree/]: Loaded 7 advancements
[13srp2026 19:28:43.493] [Render thread/WARN] [net.minecraft.client.renderer.texture.TextureManager/]: Failed to load texture: apolinumarise:textures/gui/sleep_bar.png
java.io.FileNotFoundException: apolinumarise:textures/gui/sleep_bar.png
	at TRANSFORMER/minecraft@1.21.1/net.minecraft.server.packs.resources.ResourceProvider.lambda$getResourceOrThrow$1(ResourceProvider.java:18) ~[neoforge-21.1.238.jar%23189!/:?]
	at java.base/java.util.Optional.orElseThrow(Optional.java:403) ~[?:?]
	at TRANSFORMER/minecraft@1.21.1/net.minecraft.server.packs.resources.ResourceProvider.getResourceOrThrow(ResourceProvider.java:18) ~[neoforge-21.1.238.jar%23189!/:?]
	at TRANSFORMER/geckolib@4.9.2/software.bernie.geckolib.cache.texture.AnimatableTexture.load(AnimatableTexture.java:40) ~[geckolib-neoforge-1.21.1-4.9.2.jar%23193!/:4.9.2]
	at TRANSFORMER/minecraft@1.21.1/net.minecraft.client.renderer.texture.TextureManager.loadTexture(TextureManager.java:92) ~[neoforge-21.1.238.jar%23189!/:?]
	at TRANSFORMER/minecraft@1.21.1/net.minecraft.client.renderer.texture.TextureManager.register(TextureManager.java:63) ~[neoforge-21.1.238.jar%23189!/:?]
	at TRANSFORMER/minecraft@1.21.1/net.minecraft.client.renderer.texture.TextureManager.wrapOperation$zzg000$geckolib$replaceAnimatableTexture(TextureManager.java:531) ~[neoforge-21.1.238.jar%23189!/:?]
	at TRANSFORMER/minecraft@1.21.1/net.minecraft.client.renderer.texture.TextureManager.getTexture(TextureManager.java:112) ~[neoforge-21.1.238.jar%23189!/:?]
	at TRANSFORMER/minecraft@1.21.1/com.mojang.blaze3d.systems.RenderSystem._setShaderTexture(RenderSystem.java:725) ~[neoforge-21.1.238.jar%23189!/:?]
	at TRANSFORMER/minecraft@1.21.1/com.mojang.blaze3d.systems.RenderSystem.setShaderTexture(RenderSystem.java:718) ~[neoforge-21.1.238.jar%23189!/:?]
	at TRANSFORMER/minecraft@1.21.1/net.minecraft.client.gui.GuiGraphics.innerBlit(GuiGraphics.java:965) ~[neoforge-21.1.238.jar%23189!/:?]
	at TRANSFORMER/minecraft@1.21.1/net.minecraft.client.gui.GuiGraphics.blit(GuiGraphics.java:923) ~[neoforge-21.1.238.jar%23189!/:?]
	at TRANSFORMER/minecraft@1.21.1/net.minecraft.client.gui.GuiGraphics.blit(GuiGraphics.java:865) ~[neoforge-21.1.238.jar%23189!/:?]
	at TRANSFORMER/minecraft@1.21.1/net.minecraft.client.gui.GuiGraphics.blit(GuiGraphics.java:888) ~[neoforge-21.1.238.jar%23189!/:?]
	at TRANSFORMER/apolinumarise@1.0.0/com.fiskerz.apolinum_arise.sleep.client.SleepBarHud.render(SleepBarHud.java:65) ~[%23191!/:?]
	at TRANSFORMER/neoforge@21.1.238/net.neoforged.neoforge.client.gui.GuiLayerManager.renderInner(GuiLayerManager.java:69) ~[neoforge-21.1.238.jar%23190!/:?]
	at TRANSFORMER/neoforge@21.1.238/net.neoforged.neoforge.client.gui.GuiLayerManager.render(GuiLayerManager.java:59) ~[neoforge-21.1.238.jar%23190!/:?]
	at TRANSFORMER/minecraft@1.21.1/net.minecraft.client.gui.Gui.render(Gui.java:261) ~[neoforge-21.1.238.jar%23189!/:?]
	at TRANSFORMER/minecraft@1.21.1/net.minecraft.client.renderer.GameRenderer.render(GameRenderer.java:1079) ~[neoforge-21.1.238.jar%23189!/:?]
	at TRANSFORMER/minecraft@1.21.1/net.minecraft.client.Minecraft.runTick(Minecraft.java:1201) ~[neoforge-21.1.238.jar%23189!/:?]
	at TRANSFORMER/minecraft@1.21.1/net.minecraft.client.Minecraft.run(Minecraft.java:813) ~[neoforge-21.1.238.jar%23189!/:?]
	at TRANSFORMER/minecraft@1.21.1/net.minecraft.client.main.Main.main(Main.java:230) ~[neoforge-21.1.238.jar%23189!/:?]
	at java.base/jdk.internal.reflect.DirectMethodHandleAccessor.invoke(DirectMethodHandleAccessor.java:103) ~[?:?]
	at java.base/java.lang.reflect.Method.invoke(Method.java:580) ~[?:?]
	at MC-BOOTSTRAP/fml_loader@4.0.43/net.neoforged.fml.loading.targets.CommonLaunchHandler.runTarget(CommonLaunchHandler.java:136) ~[loader-4.0.43.jar%23146!/:4.0]
	at MC-BOOTSTRAP/fml_loader@4.0.43/net.neoforged.fml.loading.targets.CommonLaunchHandler.clientService(CommonLaunchHandler.java:124) ~[loader-4.0.43.jar%23146!/:4.0]
	at MC-BOOTSTRAP/fml_loader@4.0.43/net.neoforged.fml.loading.targets.NeoForgeClientDevLaunchHandler.runService(NeoForgeClientDevLaunchHandler.java:23) ~[loader-4.0.43.jar%23146!/:4.0]
	at MC-BOOTSTRAP/fml_loader@4.0.43/net.neoforged.fml.loading.targets.CommonLaunchHandler.lambda$launchService$4(CommonLaunchHandler.java:118) ~[loader-4.0.43.jar%23146!/:4.0]
	at MC-BOOTSTRAP/cpw.mods.modlauncher@11.0.5/cpw.mods.modlauncher.LaunchServiceHandlerDecorator.launch(LaunchServiceHandlerDecorator.java:30) [modlauncher-11.0.5.jar%23128!/:?]
	at MC-BOOTSTRAP/cpw.mods.modlauncher@11.0.5/cpw.mods.modlauncher.LaunchServiceHandler.launch(LaunchServiceHandler.java:53) [modlauncher-11.0.5.jar%23128!/:?]
	at MC-BOOTSTRAP/cpw.mods.modlauncher@11.0.5/cpw.mods.modlauncher.LaunchServiceHandler.launch(LaunchServiceHandler.java:71) [modlauncher-11.0.5.jar%23128!/:?]
	at MC-BOOTSTRAP/cpw.mods.modlauncher@11.0.5/cpw.mods.modlauncher.Launcher.run(Launcher.java:103) [modlauncher-11.0.5.jar%23128!/:?]
	at MC-BOOTSTRAP/cpw.mods.modlauncher@11.0.5/cpw.mods.modlauncher.Launcher.main(Launcher.java:74) [modlauncher-11.0.5.jar%23128!/:?]
	at MC-BOOTSTRAP/cpw.mods.modlauncher@11.0.5/cpw.mods.modlauncher.BootstrapLaunchConsumer.accept(BootstrapLaunchConsumer.java:26) [modlauncher-11.0.5.jar%23128!/:?]
	at MC-BOOTSTRAP/cpw.mods.modlauncher@11.0.5/cpw.mods.modlauncher.BootstrapLaunchConsumer.accept(BootstrapLaunchConsumer.java:23) [modlauncher-11.0.5.jar%23128!/:?]
	at cpw.mods.bootstraplauncher@2.0.2/cpw.mods.bootstraplauncher.BootstrapLauncher.run(BootstrapLauncher.java:210) [bootstraplauncher-2.0.2.jar:?]
	at cpw.mods.bootstraplauncher@2.0.2/cpw.mods.bootstraplauncher.BootstrapLauncher.main(BootstrapLauncher.java:69) [bootstraplauncher-2.0.2.jar:?]
	at java.base/jdk.internal.reflect.DirectMethodHandleAccessor.invoke(DirectMethodHandleAccessor.java:103) ~[?:?]
	at java.base/java.lang.reflect.Method.invoke(Method.java:580) ~[?:?]
	at net.neoforged.devlaunch.Main.main(Main.java:57) [DevLaunch-1.0.2.jar:?]
[13srp2026 19:28:43.495] [Render thread/WARN] [net.minecraft.client.renderer.texture.TextureManager/]: Failed to load texture: apolinumarise:textures/gui/sleep_bar.png
java.io.FileNotFoundException: apolinumarise:textures/gui/sleep_bar.png
	at TRANSFORMER/minecraft@1.21.1/net.minecraft.server.packs.resources.ResourceProvider.lambda$getResourceOrThrow$1(ResourceProvider.java:18) ~[neoforge-21.1.238.jar%23189!/:?]
	at java.base/java.util.Optional.orElseThrow(Optional.java:403) ~[?:?]
	at TRANSFORMER/minecraft@1.21.1/net.minecraft.server.packs.resources.ResourceProvider.getResourceOrThrow(ResourceProvider.java:18) ~[neoforge-21.1.238.jar%23189!/:?]
	at TRANSFORMER/minecraft@1.21.1/net.minecraft.client.renderer.texture.SimpleTexture$TextureImage.load(SimpleTexture.java:83) ~[neoforge-21.1.238.jar%23189!/:?]
	at TRANSFORMER/minecraft@1.21.1/net.minecraft.client.renderer.texture.SimpleTexture.getTextureImage(SimpleTexture.java:57) ~[neoforge-21.1.238.jar%23189!/:?]
	at TRANSFORMER/minecraft@1.21.1/net.minecraft.client.renderer.texture.SimpleTexture.load(SimpleTexture.java:30) ~[neoforge-21.1.238.jar%23189!/:?]
	at TRANSFORMER/minecraft@1.21.1/net.minecraft.client.renderer.texture.TextureManager.loadTexture(TextureManager.java:92) ~[neoforge-21.1.238.jar%23189!/:?]
	at TRANSFORMER/minecraft@1.21.1/net.minecraft.client.renderer.texture.TextureManager.register(TextureManager.java:63) ~[neoforge-21.1.238.jar%23189!/:?]
	at TRANSFORMER/minecraft@1.21.1/net.minecraft.client.renderer.texture.TextureManager.getTexture(TextureManager.java:113) ~[neoforge-21.1.238.jar%23189!/:?]
	at TRANSFORMER/minecraft@1.21.1/com.mojang.blaze3d.systems.RenderSystem._setShaderTexture(RenderSystem.java:725) ~[neoforge-21.1.238.jar%23189!/:?]
	at TRANSFORMER/minecraft@1.21.1/com.mojang.blaze3d.systems.RenderSystem.setShaderTexture(RenderSystem.java:718) ~[neoforge-21.1.238.jar%23189!/:?]
	at TRANSFORMER/minecraft@1.21.1/net.minecraft.client.gui.GuiGraphics.innerBlit(GuiGraphics.java:965) ~[neoforge-21.1.238.jar%23189!/:?]
	at TRANSFORMER/minecraft@1.21.1/net.minecraft.client.gui.GuiGraphics.blit(GuiGraphics.java:923) ~[neoforge-21.1.238.jar%23189!/:?]
	at TRANSFORMER/minecraft@1.21.1/net.minecraft.client.gui.GuiGraphics.blit(GuiGraphics.java:865) ~[neoforge-21.1.238.jar%23189!/:?]
	at TRANSFORMER/minecraft@1.21.1/net.minecraft.client.gui.GuiGraphics.blit(GuiGraphics.java:888) ~[neoforge-21.1.238.jar%23189!/:?]
	at TRANSFORMER/apolinumarise@1.0.0/com.fiskerz.apolinum_arise.sleep.client.SleepBarHud.render(SleepBarHud.java:65) ~[%23191!/:?]
	at TRANSFORMER/neoforge@21.1.238/net.neoforged.neoforge.client.gui.GuiLayerManager.renderInner(GuiLayerManager.java:69) ~[neoforge-21.1.238.jar%23190!/:?]
	at TRANSFORMER/neoforge@21.1.238/net.neoforged.neoforge.client.gui.GuiLayerManager.render(GuiLayerManager.java:59) ~[neoforge-21.1.238.jar%23190!/:?]
	at TRANSFORMER/minecraft@1.21.1/net.minecraft.client.gui.Gui.render(Gui.java:261) ~[neoforge-21.1.238.jar%23189!/:?]
	at TRANSFORMER/minecraft@1.21.1/net.minecraft.client.renderer.GameRenderer.render(GameRenderer.java:1079) ~[neoforge-21.1.238.jar%23189!/:?]
	at TRANSFORMER/minecraft@1.21.1/net.minecraft.client.Minecraft.runTick(Minecraft.java:1201) ~[neoforge-21.1.238.jar%23189!/:?]
	at TRANSFORMER/minecraft@1.21.1/net.minecraft.client.Minecraft.run(Minecraft.java:813) ~[neoforge-21.1.238.jar%23189!/:?]
	at TRANSFORMER/minecraft@1.21.1/net.minecraft.client.main.Main.main(Main.java:230) ~[neoforge-21.1.238.jar%23189!/:?]
	at java.base/jdk.internal.reflect.DirectMethodHandleAccessor.invoke(DirectMethodHandleAccessor.java:103) ~[?:?]
	at java.base/java.lang.reflect.Method.invoke(Method.java:580) ~[?:?]
	at MC-BOOTSTRAP/fml_loader@4.0.43/net.neoforged.fml.loading.targets.CommonLaunchHandler.runTarget(CommonLaunchHandler.java:136) ~[loader-4.0.43.jar%23146!/:4.0]
	at MC-BOOTSTRAP/fml_loader@4.0.43/net.neoforged.fml.loading.targets.CommonLaunchHandler.clientService(CommonLaunchHandler.java:124) ~[loader-4.0.43.jar%23146!/:4.0]
	at MC-BOOTSTRAP/fml_loader@4.0.43/net.neoforged.fml.loading.targets.NeoForgeClientDevLaunchHandler.runService(NeoForgeClientDevLaunchHandler.java:23) ~[loader-4.0.43.jar%23146!/:4.0]
	at MC-BOOTSTRAP/fml_loader@4.0.43/net.neoforged.fml.loading.targets.CommonLaunchHandler.lambda$launchService$4(CommonLaunchHandler.java:118) ~[loader-4.0.43.jar%23146!/:4.0]
	at MC-BOOTSTRAP/cpw.mods.modlauncher@11.0.5/cpw.mods.modlauncher.LaunchServiceHandlerDecorator.launch(LaunchServiceHandlerDecorator.java:30) [modlauncher-11.0.5.jar%23128!/:?]
	at MC-BOOTSTRAP/cpw.mods.modlauncher@11.0.5/cpw.mods.modlauncher.LaunchServiceHandler.launch(LaunchServiceHandler.java:53) [modlauncher-11.0.5.jar%23128!/:?]
	at MC-BOOTSTRAP/cpw.mods.modlauncher@11.0.5/cpw.mods.modlauncher.LaunchServiceHandler.launch(LaunchServiceHandler.java:71) [modlauncher-11.0.5.jar%23128!/:?]
	at MC-BOOTSTRAP/cpw.mods.modlauncher@11.0.5/cpw.mods.modlauncher.Launcher.run(Launcher.java:103) [modlauncher-11.0.5.jar%23128!/:?]
	at MC-BOOTSTRAP/cpw.mods.modlauncher@11.0.5/cpw.mods.modlauncher.Launcher.main(Launcher.java:74) [modlauncher-11.0.5.jar%23128!/:?]
	at MC-BOOTSTRAP/cpw.mods.modlauncher@11.0.5/cpw.mods.modlauncher.BootstrapLaunchConsumer.accept(BootstrapLaunchConsumer.java:26) [modlauncher-11.0.5.jar%23128!/:?]
	at MC-BOOTSTRAP/cpw.mods.modlauncher@11.0.5/cpw.mods.modlauncher.BootstrapLaunchConsumer.accept(BootstrapLaunchConsumer.java:23) [modlauncher-11.0.5.jar%23128!/:?]
	at cpw.mods.bootstraplauncher@2.0.2/cpw.mods.bootstraplauncher.BootstrapLauncher.run(BootstrapLauncher.java:210) [bootstraplauncher-2.0.2.jar:?]
	at cpw.mods.bootstraplauncher@2.0.2/cpw.mods.bootstraplauncher.BootstrapLauncher.main(BootstrapLauncher.java:69) [bootstraplauncher-2.0.2.jar:?]
	at java.base/jdk.internal.reflect.DirectMethodHandleAccessor.invoke(DirectMethodHandleAccessor.java:103) ~[?:?]
	at java.base/java.lang.reflect.Method.invoke(Method.java:580) ~[?:?]
	at net.neoforged.devlaunch.Main.main(Main.java:57) [DevLaunch-1.0.2.jar:?]
[13srp2026 19:28:50.124] [Render thread/INFO] [net.minecraft.client.gui.components.ChatComponent/]: [System] [CHAT] Set own game mode to Survival Mode
[13srp2026 19:28:52.617] [Render thread/DEBUG] [com.fiskerz.apolinum_arise.Apolinumarise/]: [Skill] access check (inventory-button): healthyAccess=false infectedAccess=false -> hasAny=false | infection: infected=false incubating=false
[13srp2026 19:29:16.315] [Render thread/DEBUG] [com.fiskerz.apolinum_arise.Apolinumarise/]: [Skill] access check (inventory-button): healthyAccess=false infectedAccess=false -> hasAny=false | infection: infected=false incubating=false
[13srp2026 19:30:05.616] [Render thread/DEBUG] [com.fiskerz.apolinum_arise.Apolinumarise/]: [Skill] access check (inventory-button): healthyAccess=false infectedAccess=false -> hasAny=false | infection: infected=false incubating=false
[13srp2026 19:30:13.183] [LanServerDetector #3/DEBUG] [net.neoforged.neoforge.network.DualStackUtils/]: Detected IPv6 address: "fe80:0:0:0:d8d8:af74:f3c8:2b5%5"
[13srp2026 19:30:14.144] [Render thread/INFO] [net.minecraft.client.Minecraft/]: Stopping!
